id,label
Test0.csv,0
Test1.csv,14
Test2.csv,10
Test3.csv,6
Test4.csv,5
Test5.csv,0
Test6.csv,0
Test7.csv,0
Test8.csv,0
Test9.csv,0
Test10.csv,0
Test11.csv,0
Test12.csv,0
Test13.csv,0
Test14.csv,0
Test15.csv,0
Test16.csv,0
Test17.csv,0
Test18.csv,0
Test19.csv,0
Test20.csv,0
Test21.csv,0
Test22.csv,0
Test23.csv,0
Test24.csv,0
Test25.csv,0
Test26.csv,0
Test27.csv,0
Test28.csv,0
Test29.csv,0
Test30.csv,0
Test31.csv,0
Test32.csv,0
Test33.csv,0
Test34.csv,0
Test35.csv,0
Test36.csv,0
Test37.csv,0
Test38.csv,0
Test39.csv,0
Test40.csv,0
Test41.csv,0
Test42.csv,0
Test43.csv,0
Test44.csv,0
Test45.csv,0
Test46.csv,0
Test47.csv,0
Test48.csv,0
Test49.csv,0
Test50.csv,0
Test51.csv,0
Test52.csv,0
Test53.csv,0
Test54.csv,0
Test55.csv,0
Test56.csv,0
Test57.csv,0
Test58.csv,0
Test59.csv,0
Test60.csv,0
Test61.csv,0
Test62.csv,0
Test63.csv,0
Test64.csv,0
Test65.csv,0
Test66.csv,0
Test67.csv,0
Test68.csv,0
Test69.csv,0
Test70.csv,0
Test71.csv,0
Test72.csv,0
Test73.csv,0
Test74.csv,0
Test75.csv,0
Test76.csv,0
Test77.csv,0
Test78.csv,0
Test79.csv,0
Test80.csv,0
Test81.csv,0
Test82.csv,0
Test83.csv,0
Test84.csv,0
Test85.csv,0
Test86.csv,0
Test87.csv,0
Test88.csv,0
Test89.csv,0
Test90.csv,0
Test91.csv,0
Test92.csv,0
Test93.csv,0
Test94.csv,0
Test95.csv,0
Test96.csv,0
Test97.csv,0
Test98.csv,0
Test99.csv,0
Test100.csv,0
Test101.csv,0
Test102.csv,0
Test103.csv,0
Test104.csv,0
Test105.csv,0
Test106.csv,0
Test107.csv,0
Test108.csv,0
Test109.csv,0
Test110.csv,0
Test111.csv,0
Test112.csv,0
Test113.csv,0
Test114.csv,0
Test115.csv,0
Test116.csv,0
Test117.csv,0
Test118.csv,0
Test119.csv,0
Test120.csv,0
Test121.csv,0
Test122.csv,0
Test123.csv,0
Test124.csv,0
Test125.csv,0
Test126.csv,0
Test127.csv,0
Test128.csv,0
Test129.csv,0
Test130.csv,0
Test131.csv,0
Test132.csv,0
Test133.csv,0
Test134.csv,0
Test135.csv,0
Test136.csv,0
Test137.csv,0
Test138.csv,0
Test139.csv,0
Test140.csv,0
Test141.csv,0
Test142.csv,0
Test143.csv,0
Test144.csv,0
Test145.csv,0
Test146.csv,0
Test147.csv,0
Test148.csv,0
Test149.csv,0
Test150.csv,0
Test151.csv,0
Test152.csv,0
Test153.csv,0
Test154.csv,0
Test155.csv,0
Test156.csv,0
Test157.csv,0
Test158.csv,0
Test159.csv,0
Test160.csv,0
Test161.csv,0
Test162.csv,0
Test163.csv,0
Test164.csv,0
Test165.csv,0
Test166.csv,0
Test167.csv,0
Test168.csv,0
Test169.csv,0
Test170.csv,0
Test171.csv,0
Test172.csv,0
Test173.csv,0
Test174.csv,0
Test175.csv,0
Test176.csv,0
Test177.csv,0
Test178.csv,0
Test179.csv,0
Test180.csv,0
Test181.csv,0
Test182.csv,0
Test183.csv,0
Test184.csv,0
Test185.csv,0
Test186.csv,0
Test187.csv,0
Test188.csv,0
Test189.csv,0
Test190.csv,0
Test191.csv,0
Test192.csv,0
Test193.csv,0
Test194.csv,0
Test195.csv,0
Test196.csv,0
Test197.csv,0
Test198.csv,0
Test199.csv,0
Test200.csv,0
Test201.csv,0
Test202.csv,0
Test203.csv,0
Test204.csv,0
Test205.csv,0
Test206.csv,0
Test207.csv,0
Test208.csv,0
Test209.csv,0
Test210.csv,0
Test211.csv,0
Test212.csv,0
Test213.csv,0
Test214.csv,0
Test215.csv,0
Test216.csv,0
Test217.csv,0
Test218.csv,0
Test219.csv,0
Test220.csv,0
Test221.csv,0
Test222.csv,0
Test223.csv,0
Test224.csv,0
Test225.csv,0
Test226.csv,0
Test227.csv,0
Test228.csv,0
Test229.csv,0
Test230.csv,0
Test231.csv,0
Test232.csv,0
Test233.csv,0
Test234.csv,0
Test235.csv,0
Test236.csv,0
Test237.csv,0
Test238.csv,0
Test239.csv,0
Test240.csv,0
Test241.csv,0
Test242.csv,0
Test243.csv,0
Test244.csv,0
Test245.csv,0
Test246.csv,0
Test247.csv,0
Test248.csv,0
Test249.csv,0
Test250.csv,0
Test251.csv,0
Test252.csv,0
Test253.csv,0
Test254.csv,0
Test255.csv,0
Test256.csv,0
Test257.csv,0
Test258.csv,0
Test259.csv,0
Test260.csv,0
Test261.csv,0
Test262.csv,0
Test263.csv,0
Test264.csv,0
Test265.csv,0
Test266.csv,0
Test267.csv,0
Test268.csv,0
Test269.csv,0
Test270.csv,0
Test271.csv,0
Test272.csv,0
Test273.csv,0
Test274.csv,0
Test275.csv,0
Test276.csv,0
Test277.csv,0
Test278.csv,0
Test279.csv,0
Test280.csv,0
Test281.csv,0
Test282.csv,0
Test283.csv,0
Test284.csv,0
Test285.csv,0
Test286.csv,0
Test287.csv,0
Test288.csv,0
Test289.csv,0
Test290.csv,0
Test291.csv,0
Test292.csv,0
Test293.csv,0
Test294.csv,0
Test295.csv,0
Test296.csv,0
Test297.csv,0
Test298.csv,0
Test299.csv,0
Test300.csv,0
Test301.csv,0
Test302.csv,0
Test303.csv,0
Test304.csv,0
Test305.csv,0
Test306.csv,0
Test307.csv,0
Test308.csv,0
Test309.csv,0
Test310.csv,0
Test311.csv,0
Test312.csv,0
Test313.csv,0
Test314.csv,0
Test315.csv,0
Test316.csv,0
Test317.csv,0
Test318.csv,0
Test319.csv,0
Test320.csv,0
Test321.csv,0
Test322.csv,0
Test323.csv,0
Test324.csv,0
Test325.csv,0
Test326.csv,0
Test327.csv,0
Test328.csv,0
Test329.csv,0
Test330.csv,0
Test331.csv,0
Test332.csv,0
Test333.csv,0
Test334.csv,0
Test335.csv,0
Test336.csv,0
Test337.csv,0
Test338.csv,0
Test339.csv,0
Test340.csv,0
Test341.csv,0
Test342.csv,0
Test343.csv,0
Test344.csv,0
Test345.csv,0
Test346.csv,0
Test347.csv,0
Test348.csv,0
Test349.csv,0
Test350.csv,0
Test351.csv,0
Test352.csv,0
Test353.csv,0
Test354.csv,0
Test355.csv,0
Test356.csv,0
Test357.csv,0
Test358.csv,0
Test359.csv,0
Test360.csv,0
Test361.csv,0
Test362.csv,0
Test363.csv,0
Test364.csv,0
Test365.csv,0
Test366.csv,0
Test367.csv,0
Test368.csv,0
Test369.csv,0
Test370.csv,0
Test371.csv,0
Test372.csv,0
Test373.csv,0
Test374.csv,0
Test375.csv,0
Test376.csv,0
Test377.csv,0
Test378.csv,0
Test379.csv,0
Test380.csv,0
Test381.csv,0
Test382.csv,0
Test383.csv,0
Test384.csv,0
Test385.csv,0
Test386.csv,0
Test387.csv,0
Test388.csv,0
Test389.csv,0
Test390.csv,0
Test391.csv,0
Test392.csv,0
Test393.csv,0
Test394.csv,0
Test395.csv,0
Test396.csv,0
Test397.csv,0
Test398.csv,0
Test399.csv,0
Test400.csv,0
Test401.csv,0
Test402.csv,0
Test403.csv,0
Test404.csv,0
Test405.csv,0
Test406.csv,0
Test407.csv,0
Test408.csv,0
Test409.csv,0
Test410.csv,0
Test411.csv,0
Test412.csv,0
Test413.csv,0
Test414.csv,0
Test415.csv,0
Test416.csv,0
Test417.csv,0
Test418.csv,0
Test419.csv,0
Test420.csv,0
Test421.csv,0
Test422.csv,0
Test423.csv,0
Test424.csv,0
Test425.csv,0
Test426.csv,0
Test427.csv,0
Test428.csv,0
Test429.csv,0
Test430.csv,0
Test431.csv,0
Test432.csv,0
Test433.csv,0
Test434.csv,0
Test435.csv,0
Test436.csv,0
Test437.csv,0
Test438.csv,0
Test439.csv,0
Test440.csv,0
Test441.csv,0
Test442.csv,0
Test443.csv,0
Test444.csv,0
Test445.csv,0
Test446.csv,0
Test447.csv,0
Test448.csv,0
Test449.csv,0
Test450.csv,0
Test451.csv,0
Test452.csv,0
Test453.csv,0
Test454.csv,0
Test455.csv,0
Test456.csv,0
Test457.csv,0
Test458.csv,0
Test459.csv,0
Test460.csv,0
Test461.csv,0
Test462.csv,0
Test463.csv,0
Test464.csv,0
Test465.csv,0
Test466.csv,0
Test467.csv,0
Test468.csv,0
Test469.csv,0
Test470.csv,0
Test471.csv,0
Test472.csv,0
Test473.csv,0
Test474.csv,0
Test475.csv,0
Test476.csv,0
Test477.csv,0
Test478.csv,0
Test479.csv,0
Test480.csv,0
Test481.csv,0
Test482.csv,0
Test483.csv,0
Test484.csv,0
Test485.csv,0
Test486.csv,0
Test487.csv,0
Test488.csv,0
Test489.csv,0
Test490.csv,0
Test491.csv,0
Test492.csv,0
Test493.csv,0
Test494.csv,0
Test495.csv,0
Test496.csv,0
Test497.csv,0
Test498.csv,0
Test499.csv,0
Test500.csv,0
Test501.csv,0
Test502.csv,0
Test503.csv,0
Test504.csv,0
Test505.csv,0
Test506.csv,0
Test507.csv,0
Test508.csv,0
Test509.csv,0
Test510.csv,0
Test511.csv,0
Test512.csv,0
Test513.csv,0
Test514.csv,0
Test515.csv,0
Test516.csv,0
Test517.csv,0
Test518.csv,0
Test519.csv,0
Test520.csv,0
Test521.csv,0
Test522.csv,0
Test523.csv,0
Test524.csv,0
Test525.csv,0
Test526.csv,0
Test527.csv,0
Test528.csv,0
Test529.csv,0
Test530.csv,0
Test531.csv,0
Test532.csv,0
Test533.csv,0
Test534.csv,0
Test535.csv,0
Test536.csv,0
Test537.csv,0
Test538.csv,0
Test539.csv,0
Test540.csv,0
Test541.csv,0
Test542.csv,0
Test543.csv,0
Test544.csv,0
Test545.csv,0
Test546.csv,0
Test547.csv,0
Test548.csv,0
Test549.csv,0
Test550.csv,0
Test551.csv,0
Test552.csv,0
Test553.csv,0
Test554.csv,0
Test555.csv,0
Test556.csv,0
Test557.csv,0
Test558.csv,0
Test559.csv,0
Test560.csv,0
Test561.csv,0
Test562.csv,0
Test563.csv,0
Test564.csv,0
Test565.csv,0
Test566.csv,0
Test567.csv,0
Test568.csv,0
Test569.csv,0
Test570.csv,0
Test571.csv,0
Test572.csv,0
Test573.csv,0
Test574.csv,0
Test575.csv,0
Test576.csv,0
Test577.csv,0
Test578.csv,0
Test579.csv,0
Test580.csv,0
Test581.csv,0
Test582.csv,0
Test583.csv,0
Test584.csv,0
Test585.csv,0
Test586.csv,0
Test587.csv,0
Test588.csv,0
Test589.csv,0
Test590.csv,0
Test591.csv,0
Test592.csv,0
Test593.csv,0
Test594.csv,0
Test595.csv,0
Test596.csv,0
Test597.csv,0
Test598.csv,0
Test599.csv,0
Test600.csv,0
Test601.csv,0
Test602.csv,0
Test603.csv,0
Test604.csv,0
Test605.csv,0
Test606.csv,0
Test607.csv,0
Test608.csv,0
Test609.csv,0
Test610.csv,0
Test611.csv,0
Test612.csv,0
Test613.csv,0
Test614.csv,0
Test615.csv,0
Test616.csv,0
Test617.csv,0
Test618.csv,0
Test619.csv,0
Test620.csv,0
Test621.csv,0
Test622.csv,0
Test623.csv,0
Test624.csv,0
Test625.csv,0
Test626.csv,0
Test627.csv,0
Test628.csv,0
Test629.csv,0
Test630.csv,0
Test631.csv,0
Test632.csv,0
Test633.csv,0
Test634.csv,0
Test635.csv,0
Test636.csv,0
Test637.csv,0
Test638.csv,0
Test639.csv,0
Test640.csv,0
Test641.csv,0
Test642.csv,0
Test643.csv,0
Test644.csv,0
Test645.csv,0
Test646.csv,0
Test647.csv,0
Test648.csv,0
Test649.csv,0
Test650.csv,0
Test651.csv,0
Test652.csv,0
Test653.csv,0
Test654.csv,0
Test655.csv,0
Test656.csv,0
Test657.csv,0
Test658.csv,0
Test659.csv,0
Test660.csv,0
Test661.csv,0
Test662.csv,0
Test663.csv,0
Test664.csv,0
Test665.csv,0
Test666.csv,0
Test667.csv,0
Test668.csv,0
Test669.csv,0
Test670.csv,0
Test671.csv,0
Test672.csv,0
Test673.csv,0
Test674.csv,0
Test675.csv,0
Test676.csv,0
Test677.csv,0
Test678.csv,0
Test679.csv,0
Test680.csv,0
Test681.csv,0
Test682.csv,0
Test683.csv,0
Test684.csv,0
Test685.csv,0
Test686.csv,0
Test687.csv,0
Test688.csv,0
Test689.csv,0
Test690.csv,0
Test691.csv,0
Test692.csv,0
Test693.csv,0
Test694.csv,0
Test695.csv,0
Test696.csv,0
Test697.csv,0
Test698.csv,0
Test699.csv,0
Test700.csv,0
Test701.csv,0
Test702.csv,0
Test703.csv,0
Test704.csv,0
Test705.csv,0
Test706.csv,0
Test707.csv,0
Test708.csv,0
Test709.csv,0
Test710.csv,0
Test711.csv,0
Test712.csv,0
Test713.csv,0
Test714.csv,0
Test715.csv,0
Test716.csv,0
Test717.csv,0
Test718.csv,0
Test719.csv,0
Test720.csv,0
Test721.csv,0
Test722.csv,0
Test723.csv,0
Test724.csv,0
Test725.csv,0
Test726.csv,0
Test727.csv,0
Test728.csv,0
Test729.csv,0
Test730.csv,0
Test731.csv,0
Test732.csv,0
Test733.csv,0
Test734.csv,0
Test735.csv,0
Test736.csv,0
Test737.csv,0
Test738.csv,0
Test739.csv,0
Test740.csv,0
Test741.csv,0
Test742.csv,0
Test743.csv,0
Test744.csv,0
Test745.csv,0
Test746.csv,0
Test747.csv,0
Test748.csv,0
Test749.csv,0
Test750.csv,0
Test751.csv,0
Test752.csv,0
Test753.csv,0
Test754.csv,0
Test755.csv,0
Test756.csv,0
Test757.csv,0
Test758.csv,0
Test759.csv,0
Test760.csv,0
Test761.csv,0
Test762.csv,0
Test763.csv,0
Test764.csv,0
Test765.csv,0
Test766.csv,0
Test767.csv,0
Test768.csv,0
Test769.csv,0
Test770.csv,0
Test771.csv,0
Test772.csv,0
Test773.csv,0
Test774.csv,0
Test775.csv,0
Test776.csv,0
Test777.csv,0
Test778.csv,0
Test779.csv,0
Test780.csv,0
Test781.csv,0
Test782.csv,0
Test783.csv,0
Test784.csv,0
Test785.csv,0
Test786.csv,0
Test787.csv,0
Test788.csv,0
Test789.csv,0
Test790.csv,0
Test791.csv,0
Test792.csv,0
Test793.csv,0
Test794.csv,0
Test795.csv,0
Test796.csv,0
Test797.csv,0
Test798.csv,0
Test799.csv,0
Test800.csv,0
Test801.csv,0
Test802.csv,0
Test803.csv,0
Test804.csv,0
Test805.csv,0
Test806.csv,0
Test807.csv,0
Test808.csv,0
Test809.csv,0
Test810.csv,0
Test811.csv,0
Test812.csv,0
Test813.csv,0
Test814.csv,0
Test815.csv,0
Test816.csv,0
Test817.csv,0
Test818.csv,0
Test819.csv,0
Test820.csv,0
Test821.csv,0
Test822.csv,0
Test823.csv,0
Test824.csv,0
Test825.csv,0
Test826.csv,0
Test827.csv,0
Test828.csv,0
Test829.csv,0
Test830.csv,0
Test831.csv,0
Test832.csv,0
Test833.csv,0
Test834.csv,0
Test835.csv,0
Test836.csv,0
Test837.csv,0
Test838.csv,0
Test839.csv,0
Test840.csv,0
Test841.csv,0
Test842.csv,0
Test843.csv,0
Test844.csv,0
Test845.csv,0
Test846.csv,0
Test847.csv,0
Test848.csv,0
Test849.csv,0
Test850.csv,0
Test851.csv,0
Test852.csv,0
Test853.csv,0
Test854.csv,0
Test855.csv,0
Test856.csv,0
Test857.csv,0
Test858.csv,0
Test859.csv,0
Test860.csv,0
Test861.csv,0
Test862.csv,0
Test863.csv,0
Test864.csv,0
Test865.csv,0
Test866.csv,0
Test867.csv,0
Test868.csv,0
Test869.csv,0
Test870.csv,0
Test871.csv,0
Test872.csv,0
Test873.csv,0
Test874.csv,0
Test875.csv,0
Test876.csv,0
Test877.csv,0
Test878.csv,0
Test879.csv,0
Test880.csv,0
Test881.csv,0
Test882.csv,0
Test883.csv,0
Test884.csv,0
Test885.csv,0
Test886.csv,0
Test887.csv,0
Test888.csv,0
Test889.csv,0
Test890.csv,0
Test891.csv,0
Test892.csv,0
Test893.csv,0
Test894.csv,0
Test895.csv,0
Test896.csv,0
Test897.csv,0
Test898.csv,0
Test899.csv,0
Test900.csv,0
Test901.csv,0
Test902.csv,0
Test903.csv,0
Test904.csv,0
Test905.csv,0
Test906.csv,0
Test907.csv,0
Test908.csv,0
Test909.csv,0
Test910.csv,0
Test911.csv,0
Test912.csv,0
Test913.csv,0
Test914.csv,0
Test915.csv,0
Test916.csv,0
Test917.csv,0
Test918.csv,0
Test919.csv,0
Test920.csv,0
Test921.csv,0
Test922.csv,0
Test923.csv,0
Test924.csv,0
Test925.csv,0
Test926.csv,0
Test927.csv,0
Test928.csv,0
Test929.csv,0
Test930.csv,0
Test931.csv,0
Test932.csv,0
Test933.csv,0
Test934.csv,0
Test935.csv,0
Test936.csv,0
Test937.csv,0
Test938.csv,0
Test939.csv,0
Test940.csv,0
Test941.csv,0
Test942.csv,0
Test943.csv,0
Test944.csv,0
Test945.csv,0
Test946.csv,0
Test947.csv,0
Test948.csv,0
Test949.csv,0
Test950.csv,0
Test951.csv,0
Test952.csv,0
Test953.csv,0
Test954.csv,0
Test955.csv,0
Test956.csv,0
Test957.csv,0
Test958.csv,0
Test959.csv,0
Test960.csv,0
Test961.csv,0
Test962.csv,0
Test963.csv,0
Test964.csv,0
Test965.csv,0
Test966.csv,0
Test967.csv,0
Test968.csv,0
Test969.csv,0
Test970.csv,0
Test971.csv,0
Test972.csv,0
Test973.csv,0
Test974.csv,0
Test975.csv,0
Test976.csv,0
Test977.csv,0
Test978.csv,0
Test979.csv,0
Test980.csv,0
Test981.csv,0
Test982.csv,0
Test983.csv,0
Test984.csv,0
Test985.csv,0
Test986.csv,0
Test987.csv,0
Test988.csv,0
Test989.csv,0
Test990.csv,0
Test991.csv,0
Test992.csv,0
Test993.csv,0
Test994.csv,0
Test995.csv,0
Test996.csv,0
Test997.csv,0
Test998.csv,0
Test999.csv,0
Test1000.csv,0
Test1001.csv,0
Test1002.csv,0
Test1003.csv,0
Test1004.csv,0
Test1005.csv,0
Test1006.csv,0
Test1007.csv,0
Test1008.csv,0
Test1009.csv,0
Test1010.csv,0
Test1011.csv,0
Test1012.csv,0
Test1013.csv,0
Test1014.csv,0
Test1015.csv,0
Test1016.csv,0
Test1017.csv,0
Test1018.csv,0
Test1019.csv,0
Test1020.csv,0
Test1021.csv,0
Test1022.csv,0
Test1023.csv,0
Test1024.csv,0
Test1025.csv,0
Test1026.csv,0
Test1027.csv,0
Test1028.csv,0
Test1029.csv,0
Test1030.csv,0
Test1031.csv,0
Test1032.csv,0
Test1033.csv,0
Test1034.csv,0
Test1035.csv,0
Test1036.csv,0
Test1037.csv,0
Test1038.csv,0
Test1039.csv,0
Test1040.csv,0
Test1041.csv,0
Test1042.csv,0
Test1043.csv,0
Test1044.csv,0
Test1045.csv,0
Test1046.csv,0
Test1047.csv,0
Test1048.csv,0
Test1049.csv,0
Test1050.csv,0
Test1051.csv,0
Test1052.csv,0
Test1053.csv,0
Test1054.csv,0
Test1055.csv,0
Test1056.csv,0
Test1057.csv,0
Test1058.csv,0
Test1059.csv,0
Test1060.csv,0
Test1061.csv,0
Test1062.csv,0
Test1063.csv,0
Test1064.csv,0
Test1065.csv,0
Test1066.csv,0
Test1067.csv,0
Test1068.csv,0
Test1069.csv,0
Test1070.csv,0
Test1071.csv,0
Test1072.csv,0
Test1073.csv,0
Test1074.csv,0
Test1075.csv,0
Test1076.csv,0
Test1077.csv,0
Test1078.csv,0
Test1079.csv,0
Test1080.csv,0
Test1081.csv,0
Test1082.csv,0
Test1083.csv,0
Test1084.csv,0
Test1085.csv,0
Test1086.csv,0
Test1087.csv,0
Test1088.csv,0
Test1089.csv,0
Test1090.csv,0
Test1091.csv,0
Test1092.csv,0
Test1093.csv,0
Test1094.csv,0
Test1095.csv,0
Test1096.csv,0
Test1097.csv,0
Test1098.csv,0
Test1099.csv,0
Test1100.csv,0
Test1101.csv,0
Test1102.csv,0
Test1103.csv,0
Test1104.csv,0
Test1105.csv,0
Test1106.csv,0
Test1107.csv,0
Test1108.csv,0
Test1109.csv,0
Test1110.csv,0
Test1111.csv,0
Test1112.csv,0
Test1113.csv,0
Test1114.csv,0
Test1115.csv,0
Test1116.csv,0
Test1117.csv,0
Test1118.csv,0
Test1119.csv,0
Test1120.csv,0
Test1121.csv,0
Test1122.csv,0
Test1123.csv,0
Test1124.csv,0
Test1125.csv,0
Test1126.csv,0
Test1127.csv,0
Test1128.csv,0
Test1129.csv,0
Test1130.csv,0
Test1131.csv,0
Test1132.csv,0
Test1133.csv,0
Test1134.csv,0
Test1135.csv,0
Test1136.csv,0
Test1137.csv,0
Test1138.csv,0
Test1139.csv,0
Test1140.csv,0
Test1141.csv,0
Test1142.csv,0
Test1143.csv,0
Test1144.csv,0
Test1145.csv,0
Test1146.csv,0
Test1147.csv,0
Test1148.csv,0
Test1149.csv,0
Test1150.csv,0
Test1151.csv,0
Test1152.csv,0
Test1153.csv,0
Test1154.csv,0
Test1155.csv,0
Test1156.csv,0
Test1157.csv,0
Test1158.csv,0
Test1159.csv,0
Test1160.csv,0
Test1161.csv,0
Test1162.csv,0
Test1163.csv,0
Test1164.csv,0
Test1165.csv,0
Test1166.csv,0
Test1167.csv,0
Test1168.csv,0
Test1169.csv,0
Test1170.csv,0
Test1171.csv,0
Test1172.csv,0
Test1173.csv,0
Test1174.csv,0
Test1175.csv,0
Test1176.csv,0
Test1177.csv,0
Test1178.csv,0
Test1179.csv,0
Test1180.csv,0
Test1181.csv,0
Test1182.csv,0
Test1183.csv,0
Test1184.csv,0
Test1185.csv,0
Test1186.csv,0
Test1187.csv,0
Test1188.csv,0
Test1189.csv,0
Test1190.csv,0
Test1191.csv,0
Test1192.csv,0
Test1193.csv,0
Test1194.csv,0
Test1195.csv,0
Test1196.csv,0
Test1197.csv,0
Test1198.csv,0
Test1199.csv,0
Test1200.csv,0
Test1201.csv,0
Test1202.csv,0
Test1203.csv,0
Test1204.csv,0
Test1205.csv,0
Test1206.csv,0
Test1207.csv,0
Test1208.csv,0
Test1209.csv,0
Test1210.csv,0
Test1211.csv,0
Test1212.csv,0
Test1213.csv,0
Test1214.csv,0
Test1215.csv,0
Test1216.csv,0
Test1217.csv,0
Test1218.csv,0
Test1219.csv,0
Test1220.csv,0
Test1221.csv,0
Test1222.csv,0
Test1223.csv,0
Test1224.csv,0
Test1225.csv,0
Test1226.csv,0
Test1227.csv,0
Test1228.csv,0
Test1229.csv,0
Test1230.csv,0
Test1231.csv,0
Test1232.csv,0
Test1233.csv,0
Test1234.csv,0
Test1235.csv,0
Test1236.csv,0
Test1237.csv,0
Test1238.csv,0
Test1239.csv,0
Test1240.csv,0
Test1241.csv,0
Test1242.csv,0
Test1243.csv,0
Test1244.csv,0
Test1245.csv,0
Test1246.csv,0
Test1247.csv,0
Test1248.csv,0
Test1249.csv,0
Test1250.csv,0
Test1251.csv,0
Test1252.csv,0
Test1253.csv,0
Test1254.csv,0
Test1255.csv,0
Test1256.csv,0
Test1257.csv,0
Test1258.csv,0
Test1259.csv,0
Test1260.csv,0
Test1261.csv,0
Test1262.csv,0
Test1263.csv,0
Test1264.csv,0
Test1265.csv,0
Test1266.csv,0
Test1267.csv,0
Test1268.csv,0
Test1269.csv,0
Test1270.csv,0
Test1271.csv,0
Test1272.csv,0
Test1273.csv,0
Test1274.csv,0
Test1275.csv,0
Test1276.csv,0
Test1277.csv,0
Test1278.csv,0
Test1279.csv,0
Test1280.csv,0
Test1281.csv,0
Test1282.csv,0
Test1283.csv,0
Test1284.csv,0
Test1285.csv,0
Test1286.csv,0
Test1287.csv,0
Test1288.csv,0
Test1289.csv,0
Test1290.csv,0
Test1291.csv,0
Test1292.csv,0
Test1293.csv,0
Test1294.csv,0
Test1295.csv,0
Test1296.csv,0
Test1297.csv,0
Test1298.csv,0
Test1299.csv,0
Test1300.csv,0
Test1301.csv,0
Test1302.csv,0
Test1303.csv,0
Test1304.csv,0
Test1305.csv,0
Test1306.csv,0
Test1307.csv,0
Test1308.csv,0
Test1309.csv,0
Test1310.csv,0
Test1311.csv,0
Test1312.csv,0
Test1313.csv,0
Test1314.csv,0
Test1315.csv,0
Test1316.csv,0
Test1317.csv,0
Test1318.csv,0
Test1319.csv,0
Test1320.csv,0
Test1321.csv,0
Test1322.csv,0
Test1323.csv,0
Test1324.csv,0
Test1325.csv,0
Test1326.csv,0
Test1327.csv,0
Test1328.csv,0
Test1329.csv,0
Test1330.csv,0
Test1331.csv,0
Test1332.csv,0
Test1333.csv,0
Test1334.csv,0
Test1335.csv,0
Test1336.csv,0
Test1337.csv,0
Test1338.csv,0
Test1339.csv,0
Test1340.csv,0
Test1341.csv,0
Test1342.csv,0
Test1343.csv,0
Test1344.csv,0
Test1345.csv,0
Test1346.csv,0
Test1347.csv,0
Test1348.csv,0
Test1349.csv,0
Test1350.csv,0
Test1351.csv,0
Test1352.csv,0
Test1353.csv,0
Test1354.csv,0
Test1355.csv,0
Test1356.csv,0
Test1357.csv,0
Test1358.csv,0
Test1359.csv,0
Test1360.csv,0
Test1361.csv,0
Test1362.csv,0
Test1363.csv,0
Test1364.csv,0
Test1365.csv,0
Test1366.csv,0
Test1367.csv,0
Test1368.csv,0
Test1369.csv,0
Test1370.csv,0
Test1371.csv,0
Test1372.csv,0
Test1373.csv,0
Test1374.csv,0
Test1375.csv,0
Test1376.csv,0
Test1377.csv,0
Test1378.csv,0
Test1379.csv,0
Test1380.csv,0
Test1381.csv,0
Test1382.csv,0
Test1383.csv,0
Test1384.csv,0
Test1385.csv,0
Test1386.csv,0
Test1387.csv,0
Test1388.csv,0
Test1389.csv,0
Test1390.csv,0
Test1391.csv,0
Test1392.csv,0
Test1393.csv,0
Test1394.csv,0
Test1395.csv,0
Test1396.csv,0
Test1397.csv,0
Test1398.csv,0
Test1399.csv,0
Test1400.csv,0
Test1401.csv,0
Test1402.csv,0
Test1403.csv,0
Test1404.csv,0
Test1405.csv,0
Test1406.csv,0
Test1407.csv,0
Test1408.csv,0
Test1409.csv,0
Test1410.csv,0
Test1411.csv,0
Test1412.csv,0
Test1413.csv,0
Test1414.csv,0
Test1415.csv,0
Test1416.csv,0
Test1417.csv,0
Test1418.csv,0
Test1419.csv,0
Test1420.csv,0
Test1421.csv,0
Test1422.csv,0
Test1423.csv,0
Test1424.csv,0
Test1425.csv,0
Test1426.csv,0
Test1427.csv,0
Test1428.csv,0
Test1429.csv,0
Test1430.csv,0
Test1431.csv,0
Test1432.csv,0
Test1433.csv,0
Test1434.csv,0
Test1435.csv,0
Test1436.csv,0
Test1437.csv,0
Test1438.csv,0
Test1439.csv,0
Test1440.csv,0
Test1441.csv,0
Test1442.csv,0
Test1443.csv,0
Test1444.csv,0
Test1445.csv,0
Test1446.csv,0
Test1447.csv,0
Test1448.csv,0
Test1449.csv,0
Test1450.csv,0
Test1451.csv,0
Test1452.csv,0
Test1453.csv,0
Test1454.csv,0
Test1455.csv,0
Test1456.csv,0
Test1457.csv,0
Test1458.csv,0
Test1459.csv,0
Test1460.csv,0
Test1461.csv,0
Test1462.csv,0
Test1463.csv,0
Test1464.csv,0
Test1465.csv,0
Test1466.csv,0
Test1467.csv,0
Test1468.csv,0
Test1469.csv,0
Test1470.csv,0
Test1471.csv,0
Test1472.csv,0
Test1473.csv,0
Test1474.csv,0
Test1475.csv,0
Test1476.csv,0
Test1477.csv,0
Test1478.csv,0
Test1479.csv,0
Test1480.csv,0
Test1481.csv,0
Test1482.csv,0
Test1483.csv,0
Test1484.csv,0
Test1485.csv,0
Test1486.csv,0
Test1487.csv,0
Test1488.csv,0
Test1489.csv,0
Test1490.csv,0
Test1491.csv,0
Test1492.csv,0
Test1493.csv,0
Test1494.csv,0
Test1495.csv,0
Test1496.csv,0
Test1497.csv,0
Test1498.csv,0
Test1499.csv,0
Test1500.csv,0
Test1501.csv,0
Test1502.csv,0
Test1503.csv,0
Test1504.csv,0
Test1505.csv,0
Test1506.csv,0
Test1507.csv,0
Test1508.csv,0
Test1509.csv,0
Test1510.csv,0
Test1511.csv,0
Test1512.csv,0
Test1513.csv,0
Test1514.csv,0
Test1515.csv,0
Test1516.csv,0
Test1517.csv,0
Test1518.csv,0
Test1519.csv,0
Test1520.csv,0
Test1521.csv,0
Test1522.csv,0
Test1523.csv,0
Test1524.csv,0
Test1525.csv,0
Test1526.csv,0
Test1527.csv,0
Test1528.csv,0
Test1529.csv,0
Test1530.csv,0
Test1531.csv,0
Test1532.csv,0
Test1533.csv,0
Test1534.csv,0
Test1535.csv,0
Test1536.csv,0
Test1537.csv,0
Test1538.csv,0
Test1539.csv,0
Test1540.csv,0
Test1541.csv,0
Test1542.csv,0
Test1543.csv,0
Test1544.csv,0
Test1545.csv,0
Test1546.csv,0
Test1547.csv,0
Test1548.csv,0
Test1549.csv,0
Test1550.csv,0
Test1551.csv,0
Test1552.csv,0
Test1553.csv,0
Test1554.csv,0
Test1555.csv,0
Test1556.csv,0
Test1557.csv,0
Test1558.csv,0
Test1559.csv,0
Test1560.csv,0
Test1561.csv,0
Test1562.csv,0
Test1563.csv,0
Test1564.csv,0
Test1565.csv,0
Test1566.csv,0
Test1567.csv,0
Test1568.csv,0
Test1569.csv,0
Test1570.csv,0
Test1571.csv,0
Test1572.csv,0
Test1573.csv,0
Test1574.csv,0
Test1575.csv,0
Test1576.csv,0
Test1577.csv,0
Test1578.csv,0
Test1579.csv,0
Test1580.csv,0
Test1581.csv,0
Test1582.csv,0
Test1583.csv,0
Test1584.csv,0
Test1585.csv,0
Test1586.csv,0
Test1587.csv,0
Test1588.csv,0
Test1589.csv,0
Test1590.csv,0
Test1591.csv,0
Test1592.csv,0
Test1593.csv,0
Test1594.csv,0
Test1595.csv,0
Test1596.csv,0
Test1597.csv,0
Test1598.csv,0
Test1599.csv,0
Test1600.csv,0
Test1601.csv,0
Test1602.csv,0
Test1603.csv,0
Test1604.csv,0
Test1605.csv,0
Test1606.csv,0
Test1607.csv,0
Test1608.csv,0
Test1609.csv,0
Test1610.csv,0
Test1611.csv,0
Test1612.csv,0
Test1613.csv,0
Test1614.csv,0
Test1615.csv,0
Test1616.csv,0
Test1617.csv,0
Test1618.csv,0
Test1619.csv,0
Test1620.csv,0
Test1621.csv,0
Test1622.csv,0
Test1623.csv,0
Test1624.csv,0
Test1625.csv,0
Test1626.csv,0
Test1627.csv,0
Test1628.csv,0
Test1629.csv,0
Test1630.csv,0
Test1631.csv,0
Test1632.csv,0
Test1633.csv,0
Test1634.csv,0
Test1635.csv,0
Test1636.csv,0
Test1637.csv,0
Test1638.csv,0
Test1639.csv,0
Test1640.csv,0
Test1641.csv,0
Test1642.csv,0
Test1643.csv,0
Test1644.csv,0
Test1645.csv,0
Test1646.csv,0
Test1647.csv,0
Test1648.csv,0
Test1649.csv,0
Test1650.csv,0
Test1651.csv,0
Test1652.csv,0
Test1653.csv,0
Test1654.csv,0
Test1655.csv,0
Test1656.csv,0
Test1657.csv,0
Test1658.csv,0
Test1659.csv,0
Test1660.csv,0
Test1661.csv,0
Test1662.csv,0
Test1663.csv,0
Test1664.csv,0
Test1665.csv,0
Test1666.csv,0
Test1667.csv,0
Test1668.csv,0
Test1669.csv,0
Test1670.csv,0
Test1671.csv,0
Test1672.csv,0
Test1673.csv,0
Test1674.csv,0
Test1675.csv,0
Test1676.csv,0
Test1677.csv,0
Test1678.csv,0
Test1679.csv,0
Test1680.csv,0
Test1681.csv,0
Test1682.csv,0
Test1683.csv,0
Test1684.csv,0
Test1685.csv,0
Test1686.csv,0
Test1687.csv,0
Test1688.csv,0
Test1689.csv,0
Test1690.csv,0
Test1691.csv,0
Test1692.csv,0
Test1693.csv,0
Test1694.csv,0
Test1695.csv,0
Test1696.csv,0
Test1697.csv,0
Test1698.csv,0
Test1699.csv,0
Test1700.csv,0
Test1701.csv,0
Test1702.csv,0
Test1703.csv,0
Test1704.csv,0
Test1705.csv,0
Test1706.csv,0
Test1707.csv,0
Test1708.csv,0
Test1709.csv,0
Test1710.csv,0
Test1711.csv,0
Test1712.csv,0
Test1713.csv,0
Test1714.csv,0
Test1715.csv,0
Test1716.csv,0
Test1717.csv,0
Test1718.csv,0
Test1719.csv,0
Test1720.csv,0
Test1721.csv,0
Test1722.csv,0
Test1723.csv,0
Test1724.csv,0
Test1725.csv,0
Test1726.csv,0
Test1727.csv,0
Test1728.csv,0
Test1729.csv,0
Test1730.csv,0
Test1731.csv,0
Test1732.csv,0
Test1733.csv,0
Test1734.csv,0
Test1735.csv,0
Test1736.csv,0
Test1737.csv,0
Test1738.csv,0
Test1739.csv,0
Test1740.csv,0
Test1741.csv,0
Test1742.csv,0
Test1743.csv,0
Test1744.csv,0
Test1745.csv,0
Test1746.csv,0
Test1747.csv,0
Test1748.csv,0
Test1749.csv,0
Test1750.csv,0
Test1751.csv,0
Test1752.csv,0
Test1753.csv,0
Test1754.csv,0
Test1755.csv,0
Test1756.csv,0
Test1757.csv,0
Test1758.csv,0
Test1759.csv,0
Test1760.csv,0
Test1761.csv,0
Test1762.csv,0
Test1763.csv,0
Test1764.csv,0
Test1765.csv,0
Test1766.csv,0
Test1767.csv,0
Test1768.csv,0
Test1769.csv,0
Test1770.csv,0
Test1771.csv,0
Test1772.csv,0
Test1773.csv,0
Test1774.csv,0
Test1775.csv,0
Test1776.csv,0
Test1777.csv,0
Test1778.csv,0
Test1779.csv,0
Test1780.csv,0
Test1781.csv,0
Test1782.csv,0
Test1783.csv,0
Test1784.csv,0
Test1785.csv,0
Test1786.csv,0
Test1787.csv,0
Test1788.csv,0
Test1789.csv,0
Test1790.csv,0
Test1791.csv,0
Test1792.csv,0
Test1793.csv,0
Test1794.csv,0
Test1795.csv,0
Test1796.csv,0
Test1797.csv,0
Test1798.csv,0
Test1799.csv,0
Test1800.csv,0
Test1801.csv,0
Test1802.csv,0
Test1803.csv,0
Test1804.csv,0
Test1805.csv,0
Test1806.csv,0
Test1807.csv,0
Test1808.csv,0
Test1809.csv,0
Test1810.csv,0
Test1811.csv,0
Test1812.csv,0
Test1813.csv,0
Test1814.csv,0
Test1815.csv,0
Test1816.csv,0
Test1817.csv,0
Test1818.csv,0
Test1819.csv,0
Test1820.csv,0
Test1821.csv,0
Test1822.csv,0
Test1823.csv,0
Test1824.csv,0
Test1825.csv,0
Test1826.csv,0
Test1827.csv,0
Test1828.csv,0
Test1829.csv,0
Test1830.csv,0
Test1831.csv,0
Test1832.csv,0
Test1833.csv,0
Test1834.csv,0
Test1835.csv,0
Test1836.csv,0
Test1837.csv,0
Test1838.csv,0
Test1839.csv,0
Test1840.csv,0
Test1841.csv,0
Test1842.csv,0
Test1843.csv,0
Test1844.csv,0
Test1845.csv,0
Test1846.csv,0
Test1847.csv,0
Test1848.csv,0
Test1849.csv,0
Test1850.csv,0
Test1851.csv,0
Test1852.csv,0
Test1853.csv,0
Test1854.csv,0
Test1855.csv,0
Test1856.csv,0
Test1857.csv,0
Test1858.csv,0
Test1859.csv,0
Test1860.csv,0
Test1861.csv,0
Test1862.csv,0
Test1863.csv,0
Test1864.csv,0
Test1865.csv,0
Test1866.csv,0
Test1867.csv,0
Test1868.csv,0
Test1869.csv,0
Test1870.csv,0
Test1871.csv,0
Test1872.csv,0
Test1873.csv,0
Test1874.csv,0
Test1875.csv,0
Test1876.csv,0
Test1877.csv,0
Test1878.csv,0
Test1879.csv,0
Test1880.csv,0
Test1881.csv,0
Test1882.csv,0
Test1883.csv,0
Test1884.csv,0
Test1885.csv,0
Test1886.csv,0
Test1887.csv,0
Test1888.csv,0
Test1889.csv,0
Test1890.csv,0
Test1891.csv,0
Test1892.csv,0
Test1893.csv,0
Test1894.csv,0
Test1895.csv,0
Test1896.csv,0
Test1897.csv,0
Test1898.csv,0
Test1899.csv,0
Test1900.csv,0
Test1901.csv,0
Test1902.csv,0
Test1903.csv,0
Test1904.csv,0
Test1905.csv,0
Test1906.csv,0
Test1907.csv,0
Test1908.csv,0
Test1909.csv,0
Test1910.csv,0
Test1911.csv,0
Test1912.csv,0
Test1913.csv,0
Test1914.csv,0
Test1915.csv,0
Test1916.csv,0
Test1917.csv,0
Test1918.csv,0
Test1919.csv,0
Test1920.csv,0
Test1921.csv,0
Test1922.csv,0
Test1923.csv,0
Test1924.csv,0
Test1925.csv,0
Test1926.csv,0
Test1927.csv,0
Test1928.csv,0
Test1929.csv,0
Test1930.csv,0
Test1931.csv,0
Test1932.csv,0
Test1933.csv,0
Test1934.csv,0
Test1935.csv,0
Test1936.csv,0
Test1937.csv,0
Test1938.csv,0
Test1939.csv,0
Test1940.csv,0
Test1941.csv,0
Test1942.csv,0
Test1943.csv,0
Test1944.csv,0
Test1945.csv,0
Test1946.csv,0
Test1947.csv,0
Test1948.csv,0
Test1949.csv,0
Test1950.csv,0
Test1951.csv,0
Test1952.csv,0
Test1953.csv,0
Test1954.csv,0
Test1955.csv,0
Test1956.csv,0
Test1957.csv,0
Test1958.csv,0
Test1959.csv,0
Test1960.csv,0
Test1961.csv,0
Test1962.csv,0
Test1963.csv,0
Test1964.csv,0
Test1965.csv,0
Test1966.csv,0
Test1967.csv,0
Test1968.csv,0
Test1969.csv,0
Test1970.csv,0
Test1971.csv,0
Test1972.csv,0
Test1973.csv,0
Test1974.csv,0
Test1975.csv,0
Test1976.csv,0
Test1977.csv,0
Test1978.csv,0
Test1979.csv,0
Test1980.csv,0
Test1981.csv,0
Test1982.csv,0
Test1983.csv,0
Test1984.csv,0
Test1985.csv,0
Test1986.csv,0
Test1987.csv,0
Test1988.csv,0
Test1989.csv,0
Test1990.csv,0
Test1991.csv,0
Test1992.csv,0
Test1993.csv,0
Test1994.csv,0
Test1995.csv,0
Test1996.csv,0
Test1997.csv,0
Test1998.csv,0
Test1999.csv,0
Test2000.csv,0
Test2001.csv,0
Test2002.csv,0
Test2003.csv,0
Test2004.csv,0
Test2005.csv,0
Test2006.csv,0
Test2007.csv,0
Test2008.csv,0
Test2009.csv,0
Test2010.csv,0
Test2011.csv,0
Test2012.csv,0
Test2013.csv,0
Test2014.csv,0
Test2015.csv,0
Test2016.csv,0
Test2017.csv,0
Test2018.csv,0
Test2019.csv,0
Test2020.csv,0
Test2021.csv,0
Test2022.csv,0
Test2023.csv,0
Test2024.csv,0
Test2025.csv,0
Test2026.csv,0
Test2027.csv,0
Test2028.csv,0
Test2029.csv,0
Test2030.csv,0
Test2031.csv,0
Test2032.csv,0
Test2033.csv,0
Test2034.csv,0
Test2035.csv,0
Test2036.csv,0
Test2037.csv,0
Test2038.csv,0
Test2039.csv,0
Test2040.csv,0
Test2041.csv,0
Test2042.csv,0
Test2043.csv,0
Test2044.csv,0
Test2045.csv,0
Test2046.csv,0
Test2047.csv,0
Test2048.csv,0
Test2049.csv,0
Test2050.csv,0
Test2051.csv,0
Test2052.csv,0
Test2053.csv,0
Test2054.csv,0
Test2055.csv,0
Test2056.csv,0
Test2057.csv,0
Test2058.csv,0
Test2059.csv,0
Test2060.csv,0
Test2061.csv,0
Test2062.csv,0
Test2063.csv,0
Test2064.csv,0
Test2065.csv,0
Test2066.csv,0
Test2067.csv,0
Test2068.csv,0
Test2069.csv,0
Test2070.csv,0
Test2071.csv,0
Test2072.csv,0
Test2073.csv,0
Test2074.csv,0
Test2075.csv,0
Test2076.csv,0
Test2077.csv,0
Test2078.csv,0
Test2079.csv,0
Test2080.csv,0
Test2081.csv,0
Test2082.csv,0
Test2083.csv,0
Test2084.csv,0
Test2085.csv,0
Test2086.csv,0
Test2087.csv,0
Test2088.csv,0
Test2089.csv,0
Test2090.csv,0
Test2091.csv,0
Test2092.csv,0
Test2093.csv,0
Test2094.csv,0
Test2095.csv,0
Test2096.csv,0
Test2097.csv,0
Test2098.csv,0
Test2099.csv,0
Test2100.csv,0
Test2101.csv,0
Test2102.csv,0
Test2103.csv,0
Test2104.csv,0
Test2105.csv,0
Test2106.csv,0
Test2107.csv,0
Test2108.csv,0
Test2109.csv,0
Test2110.csv,0
Test2111.csv,0
Test2112.csv,0
Test2113.csv,0
Test2114.csv,0
Test2115.csv,0
Test2116.csv,0
Test2117.csv,0
Test2118.csv,0
Test2119.csv,0
Test2120.csv,0
Test2121.csv,0
Test2122.csv,0
Test2123.csv,0
Test2124.csv,0
Test2125.csv,0
Test2126.csv,0
Test2127.csv,0
Test2128.csv,0
Test2129.csv,0
Test2130.csv,0
Test2131.csv,0
Test2132.csv,0
Test2133.csv,0
Test2134.csv,0
Test2135.csv,0
Test2136.csv,0
Test2137.csv,0
Test2138.csv,0
Test2139.csv,0
Test2140.csv,0
Test2141.csv,0
Test2142.csv,0
Test2143.csv,0
Test2144.csv,0
Test2145.csv,0
Test2146.csv,0
Test2147.csv,0
Test2148.csv,0
Test2149.csv,0
Test2150.csv,0
Test2151.csv,0
Test2152.csv,0
Test2153.csv,0
Test2154.csv,0
Test2155.csv,0
Test2156.csv,0
Test2157.csv,0
Test2158.csv,0
Test2159.csv,0
Test2160.csv,0
Test2161.csv,0
Test2162.csv,0
Test2163.csv,0
Test2164.csv,0
Test2165.csv,0
Test2166.csv,0
Test2167.csv,0
Test2168.csv,0
Test2169.csv,0
Test2170.csv,0
Test2171.csv,0
Test2172.csv,0
Test2173.csv,0
Test2174.csv,0
Test2175.csv,0
Test2176.csv,0
Test2177.csv,0
Test2178.csv,0
Test2179.csv,0
Test2180.csv,0
Test2181.csv,0
Test2182.csv,0
Test2183.csv,0
Test2184.csv,0
Test2185.csv,0
Test2186.csv,0
Test2187.csv,0
Test2188.csv,0
Test2189.csv,0
Test2190.csv,0
Test2191.csv,0
Test2192.csv,0
Test2193.csv,0
Test2194.csv,0
Test2195.csv,0
Test2196.csv,0
Test2197.csv,0
Test2198.csv,0
Test2199.csv,0
Test2200.csv,0
Test2201.csv,0
Test2202.csv,0
Test2203.csv,0
Test2204.csv,0
Test2205.csv,0
Test2206.csv,0
Test2207.csv,0
Test2208.csv,0
Test2209.csv,0
Test2210.csv,0
Test2211.csv,0
Test2212.csv,0
Test2213.csv,0
Test2214.csv,0
Test2215.csv,0
Test2216.csv,0
Test2217.csv,0
Test2218.csv,0
Test2219.csv,0
Test2220.csv,0
Test2221.csv,0
Test2222.csv,0
Test2223.csv,0
Test2224.csv,0
Test2225.csv,0
Test2226.csv,0
Test2227.csv,0
Test2228.csv,0
Test2229.csv,0
Test2230.csv,0
Test2231.csv,0
Test2232.csv,0
Test2233.csv,0
Test2234.csv,0
Test2235.csv,0
Test2236.csv,0
Test2237.csv,0
Test2238.csv,0
Test2239.csv,0
Test2240.csv,0
Test2241.csv,0
Test2242.csv,0
Test2243.csv,0
Test2244.csv,0
Test2245.csv,0
Test2246.csv,0
Test2247.csv,0
Test2248.csv,0
Test2249.csv,0
Test2250.csv,0
Test2251.csv,0
Test2252.csv,0
Test2253.csv,0
Test2254.csv,0
Test2255.csv,0
Test2256.csv,0
Test2257.csv,0
Test2258.csv,0
Test2259.csv,0
Test2260.csv,0
Test2261.csv,0
Test2262.csv,0
Test2263.csv,0
Test2264.csv,0
Test2265.csv,0
Test2266.csv,0
Test2267.csv,0
Test2268.csv,0
Test2269.csv,0
Test2270.csv,0
Test2271.csv,0
Test2272.csv,0
Test2273.csv,0
Test2274.csv,0
Test2275.csv,0
Test2276.csv,0
Test2277.csv,0
Test2278.csv,0
Test2279.csv,0
Test2280.csv,0
Test2281.csv,0
Test2282.csv,0
Test2283.csv,0
Test2284.csv,0
Test2285.csv,0
Test2286.csv,0
Test2287.csv,0
Test2288.csv,0
Test2289.csv,0
Test2290.csv,0
Test2291.csv,0
Test2292.csv,0
Test2293.csv,0
Test2294.csv,0
Test2295.csv,0
Test2296.csv,0
Test2297.csv,0
Test2298.csv,0
Test2299.csv,0
Test2300.csv,0
Test2301.csv,0
Test2302.csv,0
Test2303.csv,0
Test2304.csv,0
Test2305.csv,0
Test2306.csv,0
Test2307.csv,0
Test2308.csv,0
Test2309.csv,0
Test2310.csv,0
Test2311.csv,0
Test2312.csv,0
Test2313.csv,0
Test2314.csv,0
Test2315.csv,0
Test2316.csv,0
Test2317.csv,0
Test2318.csv,0
Test2319.csv,0
Test2320.csv,0
Test2321.csv,0
Test2322.csv,0
Test2323.csv,0
Test2324.csv,0
Test2325.csv,0
Test2326.csv,0
Test2327.csv,0
Test2328.csv,0
Test2329.csv,0
Test2330.csv,0
Test2331.csv,0
Test2332.csv,0
Test2333.csv,0
Test2334.csv,0
Test2335.csv,0
Test2336.csv,0
Test2337.csv,0
Test2338.csv,0
Test2339.csv,0
Test2340.csv,0
Test2341.csv,0
Test2342.csv,0
Test2343.csv,0
Test2344.csv,0
Test2345.csv,0
Test2346.csv,0
Test2347.csv,0
Test2348.csv,0
Test2349.csv,0
Test2350.csv,0
Test2351.csv,0
Test2352.csv,0
Test2353.csv,0
Test2354.csv,0
Test2355.csv,0
Test2356.csv,0
Test2357.csv,0
Test2358.csv,0
Test2359.csv,0
Test2360.csv,0
Test2361.csv,0
Test2362.csv,0
Test2363.csv,0
Test2364.csv,0
Test2365.csv,0
Test2366.csv,0
Test2367.csv,0
Test2368.csv,0
Test2369.csv,0
Test2370.csv,0
Test2371.csv,0
Test2372.csv,0
Test2373.csv,0
Test2374.csv,0
Test2375.csv,0
Test2376.csv,0
Test2377.csv,0
Test2378.csv,0
Test2379.csv,0
Test2380.csv,0
Test2381.csv,0
Test2382.csv,0
Test2383.csv,0
Test2384.csv,0
Test2385.csv,0
Test2386.csv,0
Test2387.csv,0
Test2388.csv,0
Test2389.csv,0
Test2390.csv,0
Test2391.csv,0
Test2392.csv,0
Test2393.csv,0
Test2394.csv,0
Test2395.csv,0
Test2396.csv,0
Test2397.csv,0
Test2398.csv,0
Test2399.csv,0
Test2400.csv,0
Test2401.csv,0
Test2402.csv,0
Test2403.csv,0
Test2404.csv,0
Test2405.csv,0
Test2406.csv,0
Test2407.csv,0
Test2408.csv,0
Test2409.csv,0
Test2410.csv,0
Test2411.csv,0
Test2412.csv,0
Test2413.csv,0
Test2414.csv,0
Test2415.csv,0
Test2416.csv,0
Test2417.csv,0
Test2418.csv,0
Test2419.csv,0
Test2420.csv,0
Test2421.csv,0
Test2422.csv,0
Test2423.csv,0
Test2424.csv,0
Test2425.csv,0
Test2426.csv,0
Test2427.csv,0
Test2428.csv,0
Test2429.csv,0
Test2430.csv,0
Test2431.csv,0
Test2432.csv,0
Test2433.csv,0
Test2434.csv,0
Test2435.csv,0
Test2436.csv,0
Test2437.csv,0
Test2438.csv,0
Test2439.csv,0
Test2440.csv,0
Test2441.csv,0
Test2442.csv,0
Test2443.csv,0
Test2444.csv,0
Test2445.csv,0
Test2446.csv,0
Test2447.csv,0
Test2448.csv,0
Test2449.csv,0
Test2450.csv,0
Test2451.csv,0
Test2452.csv,0
Test2453.csv,0
Test2454.csv,0
Test2455.csv,0
Test2456.csv,0
Test2457.csv,0
Test2458.csv,0
Test2459.csv,0
Test2460.csv,0
Test2461.csv,0
Test2462.csv,0
Test2463.csv,0
Test2464.csv,0
Test2465.csv,0
Test2466.csv,0
Test2467.csv,0
Test2468.csv,0
Test2469.csv,0
Test2470.csv,0
Test2471.csv,0
Test2472.csv,0
Test2473.csv,0
Test2474.csv,0
Test2475.csv,0
Test2476.csv,0
Test2477.csv,0
Test2478.csv,0
Test2479.csv,0
Test2480.csv,0
Test2481.csv,0
Test2482.csv,0
Test2483.csv,0
Test2484.csv,0
Test2485.csv,0
Test2486.csv,0
Test2487.csv,0
Test2488.csv,0
Test2489.csv,0
Test2490.csv,0
Test2491.csv,0
Test2492.csv,0
Test2493.csv,0
Test2494.csv,0
Test2495.csv,0
Test2496.csv,0
Test2497.csv,0
Test2498.csv,0
Test2499.csv,0
Test2500.csv,0
Test2501.csv,0
Test2502.csv,0
Test2503.csv,0
Test2504.csv,0
Test2505.csv,0
Test2506.csv,0
Test2507.csv,0
Test2508.csv,0
Test2509.csv,0
Test2510.csv,0
Test2511.csv,0
Test2512.csv,0
Test2513.csv,0
Test2514.csv,0
Test2515.csv,0
Test2516.csv,0
Test2517.csv,0
Test2518.csv,0
Test2519.csv,0
Test2520.csv,0
Test2521.csv,0
Test2522.csv,0
Test2523.csv,0
Test2524.csv,0
Test2525.csv,0
Test2526.csv,0
Test2527.csv,0
Test2528.csv,0
Test2529.csv,0
Test2530.csv,0
Test2531.csv,0
Test2532.csv,0
Test2533.csv,0
Test2534.csv,0
Test2535.csv,0
Test2536.csv,0
Test2537.csv,0
Test2538.csv,0
Test2539.csv,0
Test2540.csv,0
Test2541.csv,0
Test2542.csv,0
Test2543.csv,0
Test2544.csv,0
Test2545.csv,0
Test2546.csv,0
Test2547.csv,0
Test2548.csv,0
Test2549.csv,0
Test2550.csv,0
Test2551.csv,0
Test2552.csv,0
Test2553.csv,0
Test2554.csv,0
Test2555.csv,0
Test2556.csv,0
Test2557.csv,0
Test2558.csv,0
Test2559.csv,0
Test2560.csv,0
Test2561.csv,0
Test2562.csv,0
Test2563.csv,0
Test2564.csv,0
Test2565.csv,0
Test2566.csv,0
Test2567.csv,0
Test2568.csv,0
Test2569.csv,0
Test2570.csv,0
Test2571.csv,0
Test2572.csv,0
Test2573.csv,0
Test2574.csv,0
Test2575.csv,0
Test2576.csv,0
Test2577.csv,0
Test2578.csv,0
Test2579.csv,0
Test2580.csv,0
Test2581.csv,0
Test2582.csv,0
Test2583.csv,0
Test2584.csv,0
Test2585.csv,0
Test2586.csv,0
Test2587.csv,0
Test2588.csv,0
Test2589.csv,0
Test2590.csv,0
Test2591.csv,0
Test2592.csv,0
Test2593.csv,0
Test2594.csv,0
Test2595.csv,0
Test2596.csv,0
Test2597.csv,0
Test2598.csv,0
Test2599.csv,0
Test2600.csv,0
Test2601.csv,0
Test2602.csv,0
Test2603.csv,0
Test2604.csv,0
Test2605.csv,0
Test2606.csv,0
Test2607.csv,0
Test2608.csv,0
Test2609.csv,0
Test2610.csv,0
Test2611.csv,0
Test2612.csv,0
Test2613.csv,0
Test2614.csv,0
Test2615.csv,0
Test2616.csv,0
Test2617.csv,0
Test2618.csv,0
Test2619.csv,0
Test2620.csv,0
Test2621.csv,0
Test2622.csv,0
Test2623.csv,0
Test2624.csv,0
Test2625.csv,0
Test2626.csv,0
Test2627.csv,0
Test2628.csv,0
Test2629.csv,0
Test2630.csv,0
Test2631.csv,0
Test2632.csv,0
Test2633.csv,0
Test2634.csv,0
Test2635.csv,0
Test2636.csv,0
Test2637.csv,0
Test2638.csv,0
Test2639.csv,0
Test2640.csv,0
Test2641.csv,0
Test2642.csv,0
Test2643.csv,0
Test2644.csv,0
Test2645.csv,0
Test2646.csv,0
Test2647.csv,0
Test2648.csv,0
Test2649.csv,0
Test2650.csv,0
Test2651.csv,0
Test2652.csv,0
Test2653.csv,0
Test2654.csv,0
Test2655.csv,0
Test2656.csv,0
Test2657.csv,0
Test2658.csv,0
Test2659.csv,0
Test2660.csv,0
Test2661.csv,0
Test2662.csv,0
Test2663.csv,0
Test2664.csv,0
Test2665.csv,0
Test2666.csv,0
Test2667.csv,0
Test2668.csv,0
Test2669.csv,0
Test2670.csv,0
Test2671.csv,0
Test2672.csv,0
Test2673.csv,0
Test2674.csv,0
Test2675.csv,0
Test2676.csv,0
Test2677.csv,0
Test2678.csv,0
Test2679.csv,0
Test2680.csv,0
Test2681.csv,0
Test2682.csv,0
Test2683.csv,0
Test2684.csv,0
Test2685.csv,0
Test2686.csv,0
Test2687.csv,0
Test2688.csv,0
Test2689.csv,0
Test2690.csv,0
Test2691.csv,0
Test2692.csv,0
Test2693.csv,0
Test2694.csv,0
Test2695.csv,0
Test2696.csv,0
Test2697.csv,0
Test2698.csv,0
Test2699.csv,0
Test2700.csv,0
Test2701.csv,0
Test2702.csv,0
Test2703.csv,0
Test2704.csv,0
Test2705.csv,0
Test2706.csv,0
Test2707.csv,0
Test2708.csv,0
Test2709.csv,0
Test2710.csv,0
Test2711.csv,0
Test2712.csv,0
Test2713.csv,0
Test2714.csv,0
Test2715.csv,0
Test2716.csv,0
Test2717.csv,0
Test2718.csv,0
Test2719.csv,0
Test2720.csv,0
Test2721.csv,0
Test2722.csv,0
Test2723.csv,0
Test2724.csv,0
Test2725.csv,0
Test2726.csv,0
Test2727.csv,0
Test2728.csv,0
Test2729.csv,0
Test2730.csv,0
Test2731.csv,0
Test2732.csv,0
Test2733.csv,0
Test2734.csv,0
Test2735.csv,0
Test2736.csv,0
Test2737.csv,0
Test2738.csv,0
Test2739.csv,0
Test2740.csv,0
Test2741.csv,0
Test2742.csv,0
Test2743.csv,0
Test2744.csv,0
Test2745.csv,0
Test2746.csv,0
Test2747.csv,0
Test2748.csv,0
Test2749.csv,0
Test2750.csv,0
Test2751.csv,0
Test2752.csv,0
Test2753.csv,0
Test2754.csv,0
Test2755.csv,0
Test2756.csv,0
Test2757.csv,0
Test2758.csv,0
Test2759.csv,0
Test2760.csv,0
Test2761.csv,0
Test2762.csv,0
Test2763.csv,0
Test2764.csv,0
Test2765.csv,0
Test2766.csv,0
Test2767.csv,0
Test2768.csv,0
Test2769.csv,0
Test2770.csv,0
Test2771.csv,0
Test2772.csv,0
Test2773.csv,0
Test2774.csv,0
Test2775.csv,0
Test2776.csv,0
Test2777.csv,0
Test2778.csv,0
Test2779.csv,0
Test2780.csv,0
Test2781.csv,0
Test2782.csv,0
Test2783.csv,0
Test2784.csv,0
Test2785.csv,0
Test2786.csv,0
Test2787.csv,0
Test2788.csv,0
Test2789.csv,0
Test2790.csv,0
Test2791.csv,0
Test2792.csv,0
Test2793.csv,0
Test2794.csv,0
Test2795.csv,0
Test2796.csv,0
Test2797.csv,0
Test2798.csv,0
Test2799.csv,0
Test2800.csv,0
Test2801.csv,0
Test2802.csv,0
Test2803.csv,0
Test2804.csv,0
Test2805.csv,0
Test2806.csv,0
Test2807.csv,0
Test2808.csv,0
Test2809.csv,0
Test2810.csv,0
Test2811.csv,0
Test2812.csv,0
Test2813.csv,0
Test2814.csv,0
Test2815.csv,0
Test2816.csv,0
Test2817.csv,0
Test2818.csv,0
Test2819.csv,0
Test2820.csv,0
Test2821.csv,0
Test2822.csv,0
Test2823.csv,0
Test2824.csv,0
Test2825.csv,0
Test2826.csv,0
Test2827.csv,0
Test2828.csv,0
Test2829.csv,0
Test2830.csv,0
Test2831.csv,0
Test2832.csv,0
Test2833.csv,0
Test2834.csv,0
Test2835.csv,0
Test2836.csv,0
Test2837.csv,0
Test2838.csv,0
Test2839.csv,0
Test2840.csv,0
Test2841.csv,0
Test2842.csv,0
Test2843.csv,0
Test2844.csv,0
Test2845.csv,0
Test2846.csv,0
Test2847.csv,0
Test2848.csv,0
Test2849.csv,0
Test2850.csv,0
Test2851.csv,0
Test2852.csv,0
Test2853.csv,0
Test2854.csv,0
Test2855.csv,0
Test2856.csv,0
Test2857.csv,0
Test2858.csv,0
Test2859.csv,0
Test2860.csv,0
Test2861.csv,0
Test2862.csv,0
Test2863.csv,0
Test2864.csv,0
Test2865.csv,0
Test2866.csv,0
Test2867.csv,0
Test2868.csv,0
Test2869.csv,0
Test2870.csv,0
Test2871.csv,0
Test2872.csv,0
Test2873.csv,0
Test2874.csv,0
Test2875.csv,0
Test2876.csv,0
Test2877.csv,0
Test2878.csv,0
Test2879.csv,0
Test2880.csv,0
Test2881.csv,0
Test2882.csv,0
Test2883.csv,0
Test2884.csv,0
Test2885.csv,0
Test2886.csv,0
Test2887.csv,0
Test2888.csv,0
Test2889.csv,0
Test2890.csv,0
Test2891.csv,0
Test2892.csv,0
Test2893.csv,0
Test2894.csv,0
Test2895.csv,0
Test2896.csv,0
Test2897.csv,0
Test2898.csv,0
Test2899.csv,0
Test2900.csv,0
Test2901.csv,0
Test2902.csv,0
Test2903.csv,0
Test2904.csv,0
Test2905.csv,0
Test2906.csv,0
Test2907.csv,0
Test2908.csv,0
Test2909.csv,0
Test2910.csv,0
Test2911.csv,0
Test2912.csv,0
Test2913.csv,0
Test2914.csv,0
Test2915.csv,0
Test2916.csv,0
Test2917.csv,0
Test2918.csv,0
Test2919.csv,0
Test2920.csv,0
Test2921.csv,0
Test2922.csv,0
Test2923.csv,0
Test2924.csv,0
Test2925.csv,0
Test2926.csv,0
Test2927.csv,0
Test2928.csv,0
Test2929.csv,0
Test2930.csv,0
Test2931.csv,0
Test2932.csv,0
Test2933.csv,0
Test2934.csv,0
Test2935.csv,0
Test2936.csv,0
Test2937.csv,0
Test2938.csv,0
Test2939.csv,0
Test2940.csv,0
Test2941.csv,0
Test2942.csv,0
Test2943.csv,0
Test2944.csv,0
Test2945.csv,0
Test2946.csv,0
Test2947.csv,0
Test2948.csv,0
Test2949.csv,0
Test2950.csv,0
Test2951.csv,0
Test2952.csv,0
Test2953.csv,0
Test2954.csv,0
Test2955.csv,0
Test2956.csv,0
Test2957.csv,0
Test2958.csv,0
Test2959.csv,0
Test2960.csv,0
Test2961.csv,0
Test2962.csv,0
Test2963.csv,0
Test2964.csv,0
Test2965.csv,0
Test2966.csv,0
Test2967.csv,0
Test2968.csv,0
Test2969.csv,0
Test2970.csv,0
Test2971.csv,0
Test2972.csv,0
Test2973.csv,0
Test2974.csv,0
Test2975.csv,0
Test2976.csv,0
Test2977.csv,0
Test2978.csv,0
Test2979.csv,0
Test2980.csv,0
Test2981.csv,0
Test2982.csv,0
Test2983.csv,0
Test2984.csv,0
Test2985.csv,0
Test2986.csv,0
Test2987.csv,0
Test2988.csv,0
Test2989.csv,0
Test2990.csv,0
Test2991.csv,0
Test2992.csv,0
Test2993.csv,0
Test2994.csv,0
Test2995.csv,0
Test2996.csv,0
Test2997.csv,0
Test2998.csv,0
Test2999.csv,0
Test3000.csv,0
Test3001.csv,0
Test3002.csv,0
Test3003.csv,0
Test3004.csv,0
Test3005.csv,0
Test3006.csv,0
Test3007.csv,0
Test3008.csv,0
Test3009.csv,0
Test3010.csv,0
Test3011.csv,0
Test3012.csv,0
Test3013.csv,0
Test3014.csv,0
Test3015.csv,0
Test3016.csv,0
Test3017.csv,0
Test3018.csv,0
Test3019.csv,0
Test3020.csv,0
Test3021.csv,0
Test3022.csv,0
Test3023.csv,0
Test3024.csv,0
Test3025.csv,0
Test3026.csv,0
Test3027.csv,0
Test3028.csv,0
Test3029.csv,0
Test3030.csv,0
Test3031.csv,0
Test3032.csv,0
Test3033.csv,0
Test3034.csv,0
Test3035.csv,0
Test3036.csv,0
Test3037.csv,0
Test3038.csv,0
Test3039.csv,0
Test3040.csv,0
Test3041.csv,0
Test3042.csv,0
Test3043.csv,0
Test3044.csv,0
Test3045.csv,0
Test3046.csv,0
Test3047.csv,0
Test3048.csv,0
Test3049.csv,0
Test3050.csv,0
Test3051.csv,0
Test3052.csv,0
Test3053.csv,0
Test3054.csv,0
Test3055.csv,0
Test3056.csv,0
Test3057.csv,0
Test3058.csv,0
Test3059.csv,0
Test3060.csv,0
Test3061.csv,0
Test3062.csv,0
Test3063.csv,0
Test3064.csv,0
Test3065.csv,0
Test3066.csv,0
Test3067.csv,0
Test3068.csv,0
Test3069.csv,0
Test3070.csv,0
Test3071.csv,0
Test3072.csv,0
Test3073.csv,0
Test3074.csv,0
Test3075.csv,0
Test3076.csv,0
Test3077.csv,0
Test3078.csv,0
Test3079.csv,0
Test3080.csv,0
Test3081.csv,0
Test3082.csv,0
Test3083.csv,0
Test3084.csv,0
Test3085.csv,0
Test3086.csv,0
Test3087.csv,0
Test3088.csv,0
Test3089.csv,0
Test3090.csv,0
Test3091.csv,0
Test3092.csv,0
Test3093.csv,0
Test3094.csv,0
Test3095.csv,0
Test3096.csv,0
Test3097.csv,0
Test3098.csv,0
Test3099.csv,0
Test3100.csv,0
Test3101.csv,0
Test3102.csv,0
Test3103.csv,0
Test3104.csv,0
Test3105.csv,0
Test3106.csv,0
Test3107.csv,0
Test3108.csv,0
Test3109.csv,0
Test3110.csv,0
Test3111.csv,0
Test3112.csv,0
Test3113.csv,0
Test3114.csv,0
Test3115.csv,0
Test3116.csv,0
Test3117.csv,0
Test3118.csv,0
Test3119.csv,0
Test3120.csv,0
Test3121.csv,0
Test3122.csv,0
Test3123.csv,0
Test3124.csv,0
Test3125.csv,0
Test3126.csv,0
Test3127.csv,0
Test3128.csv,0
Test3129.csv,0
Test3130.csv,0
Test3131.csv,0
Test3132.csv,0
Test3133.csv,0
Test3134.csv,0
Test3135.csv,0
Test3136.csv,0
Test3137.csv,0
Test3138.csv,0
Test3139.csv,0
Test3140.csv,0
Test3141.csv,0
Test3142.csv,0
Test3143.csv,0
Test3144.csv,0
Test3145.csv,0
Test3146.csv,0
Test3147.csv,0
Test3148.csv,0
Test3149.csv,0
Test3150.csv,0
Test3151.csv,0
Test3152.csv,0
Test3153.csv,0
Test3154.csv,0
Test3155.csv,0
Test3156.csv,0
Test3157.csv,0
Test3158.csv,0
Test3159.csv,0
Test3160.csv,0
Test3161.csv,0
Test3162.csv,0
Test3163.csv,0
Test3164.csv,0
Test3165.csv,0
Test3166.csv,0
Test3167.csv,0
Test3168.csv,0
Test3169.csv,0
Test3170.csv,0
Test3171.csv,0
Test3172.csv,0
Test3173.csv,0
Test3174.csv,0
Test3175.csv,0
Test3176.csv,0
Test3177.csv,0
Test3178.csv,0
Test3179.csv,0
Test3180.csv,0
Test3181.csv,0
Test3182.csv,0
Test3183.csv,0
Test3184.csv,0
Test3185.csv,0
Test3186.csv,0
Test3187.csv,0
Test3188.csv,0
Test3189.csv,0
Test3190.csv,0
Test3191.csv,0
Test3192.csv,0
Test3193.csv,0
Test3194.csv,0
Test3195.csv,0
Test3196.csv,0
Test3197.csv,0
Test3198.csv,0
Test3199.csv,0
Test3200.csv,0
Test3201.csv,0
Test3202.csv,0
Test3203.csv,0
Test3204.csv,0
Test3205.csv,0
Test3206.csv,0
Test3207.csv,0
Test3208.csv,0
Test3209.csv,0
Test3210.csv,0
Test3211.csv,0
Test3212.csv,0
Test3213.csv,0
Test3214.csv,0
Test3215.csv,0
Test3216.csv,0
Test3217.csv,0
Test3218.csv,0
Test3219.csv,0
Test3220.csv,0
Test3221.csv,0
Test3222.csv,0
Test3223.csv,0
Test3224.csv,0
Test3225.csv,0
Test3226.csv,0
Test3227.csv,0
Test3228.csv,0
Test3229.csv,0
Test3230.csv,0
Test3231.csv,0
Test3232.csv,0
Test3233.csv,0
Test3234.csv,0
Test3235.csv,0
Test3236.csv,0
Test3237.csv,0
Test3238.csv,0
Test3239.csv,0
Test3240.csv,0
Test3241.csv,0
Test3242.csv,0
Test3243.csv,0
Test3244.csv,0
Test3245.csv,0
Test3246.csv,0
Test3247.csv,0
Test3248.csv,0
Test3249.csv,0
Test3250.csv,0
Test3251.csv,0
Test3252.csv,0
Test3253.csv,0
Test3254.csv,0
Test3255.csv,0
Test3256.csv,0
Test3257.csv,0
Test3258.csv,0
Test3259.csv,0
Test3260.csv,0
Test3261.csv,0
Test3262.csv,0
Test3263.csv,0
Test3264.csv,0
Test3265.csv,0
Test3266.csv,0
Test3267.csv,0
Test3268.csv,0
Test3269.csv,0
Test3270.csv,0
Test3271.csv,0
Test3272.csv,0
Test3273.csv,0
Test3274.csv,0
Test3275.csv,0
Test3276.csv,0
Test3277.csv,0
Test3278.csv,0
Test3279.csv,0
Test3280.csv,0
Test3281.csv,0
Test3282.csv,0
Test3283.csv,0
Test3284.csv,0
Test3285.csv,0
Test3286.csv,0
Test3287.csv,0
Test3288.csv,0
Test3289.csv,0
Test3290.csv,0
Test3291.csv,0
Test3292.csv,0
Test3293.csv,0
Test3294.csv,0
Test3295.csv,0
Test3296.csv,0
Test3297.csv,0
Test3298.csv,0
Test3299.csv,0
Test3300.csv,0
Test3301.csv,0
Test3302.csv,0
Test3303.csv,0
Test3304.csv,0
Test3305.csv,0
Test3306.csv,0
Test3307.csv,0
Test3308.csv,0
Test3309.csv,0
Test3310.csv,0
Test3311.csv,0
Test3312.csv,0
Test3313.csv,0
Test3314.csv,0
Test3315.csv,0
Test3316.csv,0
Test3317.csv,0
Test3318.csv,0
Test3319.csv,0
Test3320.csv,0
Test3321.csv,0
Test3322.csv,0
Test3323.csv,0
Test3324.csv,0
Test3325.csv,0
Test3326.csv,0
Test3327.csv,0
Test3328.csv,0
Test3329.csv,0
Test3330.csv,0
Test3331.csv,0
Test3332.csv,0
Test3333.csv,0
Test3334.csv,0
Test3335.csv,0
Test3336.csv,0
Test3337.csv,0
Test3338.csv,0
Test3339.csv,0
Test3340.csv,0
Test3341.csv,0
Test3342.csv,0
Test3343.csv,0
Test3344.csv,0
Test3345.csv,0
Test3346.csv,0
Test3347.csv,0
Test3348.csv,0
Test3349.csv,0
Test3350.csv,0
Test3351.csv,0
Test3352.csv,0
Test3353.csv,0
Test3354.csv,0
Test3355.csv,0
Test3356.csv,0
Test3357.csv,0
Test3358.csv,0
Test3359.csv,0
Test3360.csv,0
Test3361.csv,0
Test3362.csv,0
Test3363.csv,0
Test3364.csv,0
Test3365.csv,0
Test3366.csv,0
Test3367.csv,0
Test3368.csv,0
Test3369.csv,0
Test3370.csv,0
Test3371.csv,0
Test3372.csv,0
Test3373.csv,0
Test3374.csv,0
Test3375.csv,0
Test3376.csv,0
Test3377.csv,0
Test3378.csv,0
Test3379.csv,0
Test3380.csv,0
Test3381.csv,0
Test3382.csv,0
Test3383.csv,0
Test3384.csv,0
Test3385.csv,0
Test3386.csv,0
Test3387.csv,0
Test3388.csv,0
Test3389.csv,0
Test3390.csv,0
Test3391.csv,0
Test3392.csv,0
Test3393.csv,0
Test3394.csv,0
Test3395.csv,0
Test3396.csv,0
Test3397.csv,0
Test3398.csv,0
Test3399.csv,0
Test3400.csv,0
Test3401.csv,0
Test3402.csv,0
Test3403.csv,0
Test3404.csv,0
Test3405.csv,0
Test3406.csv,0
Test3407.csv,0
Test3408.csv,0
Test3409.csv,0
Test3410.csv,0
Test3411.csv,0
Test3412.csv,0
Test3413.csv,0
Test3414.csv,0
Test3415.csv,0
Test3416.csv,0
Test3417.csv,0
Test3418.csv,0
Test3419.csv,0
Test3420.csv,0
Test3421.csv,0
Test3422.csv,0
Test3423.csv,0
Test3424.csv,0
Test3425.csv,0
Test3426.csv,0
Test3427.csv,0
Test3428.csv,0
Test3429.csv,0
Test3430.csv,0
Test3431.csv,0
Test3432.csv,0
Test3433.csv,0
Test3434.csv,0
Test3435.csv,0
Test3436.csv,0
Test3437.csv,0
Test3438.csv,0
Test3439.csv,0
Test3440.csv,0
Test3441.csv,0
Test3442.csv,0
Test3443.csv,0
Test3444.csv,0
Test3445.csv,0
Test3446.csv,0
Test3447.csv,0
Test3448.csv,0
Test3449.csv,0
Test3450.csv,0
Test3451.csv,0
Test3452.csv,0
Test3453.csv,0
Test3454.csv,0
Test3455.csv,0
Test3456.csv,0
Test3457.csv,0
Test3458.csv,0
Test3459.csv,0
Test3460.csv,0
Test3461.csv,0
Test3462.csv,0
Test3463.csv,0
Test3464.csv,0
Test3465.csv,0
Test3466.csv,0
Test3467.csv,0
Test3468.csv,0
Test3469.csv,0
Test3470.csv,0
Test3471.csv,0
Test3472.csv,0
Test3473.csv,0
Test3474.csv,0
Test3475.csv,0
Test3476.csv,0
Test3477.csv,0
Test3478.csv,0
Test3479.csv,0
Test3480.csv,0
Test3481.csv,0
Test3482.csv,0
Test3483.csv,0
Test3484.csv,0
Test3485.csv,0
Test3486.csv,0
Test3487.csv,0
Test3488.csv,0
Test3489.csv,0
Test3490.csv,0
Test3491.csv,0
Test3492.csv,0
Test3493.csv,0
Test3494.csv,0
Test3495.csv,0
Test3496.csv,0
Test3497.csv,0
Test3498.csv,0
Test3499.csv,0
Test3500.csv,0
Test3501.csv,0
Test3502.csv,0
Test3503.csv,0
Test3504.csv,0
Test3505.csv,0
Test3506.csv,0
Test3507.csv,0
Test3508.csv,0
Test3509.csv,0
Test3510.csv,0
Test3511.csv,0
Test3512.csv,0
Test3513.csv,0
Test3514.csv,0
Test3515.csv,0
Test3516.csv,0
Test3517.csv,0
Test3518.csv,0
Test3519.csv,0
Test3520.csv,0
Test3521.csv,0
Test3522.csv,0
Test3523.csv,0
Test3524.csv,0
Test3525.csv,0
Test3526.csv,0
Test3527.csv,0
Test3528.csv,0
Test3529.csv,0
Test3530.csv,0
Test3531.csv,0
Test3532.csv,0
Test3533.csv,0
Test3534.csv,0
Test3535.csv,0
Test3536.csv,0
Test3537.csv,0
Test3538.csv,0
Test3539.csv,0
Test3540.csv,0
Test3541.csv,0
Test3542.csv,0
Test3543.csv,0
Test3544.csv,0
Test3545.csv,0
Test3546.csv,0
Test3547.csv,0
Test3548.csv,0
Test3549.csv,0
Test3550.csv,0
Test3551.csv,0
Test3552.csv,0
Test3553.csv,0
Test3554.csv,0
Test3555.csv,0
Test3556.csv,0
Test3557.csv,0
Test3558.csv,0
Test3559.csv,0
Test3560.csv,0
Test3561.csv,0
Test3562.csv,0
Test3563.csv,0
Test3564.csv,0
Test3565.csv,0
Test3566.csv,0
Test3567.csv,0
Test3568.csv,0
Test3569.csv,0
Test3570.csv,0
Test3571.csv,0
Test3572.csv,0
Test3573.csv,0
Test3574.csv,0
Test3575.csv,0
Test3576.csv,0
Test3577.csv,0
Test3578.csv,0
Test3579.csv,0
Test3580.csv,0
Test3581.csv,0
Test3582.csv,0
Test3583.csv,0
Test3584.csv,0
Test3585.csv,0
Test3586.csv,0
Test3587.csv,0
Test3588.csv,0
Test3589.csv,0
Test3590.csv,0
Test3591.csv,0
Test3592.csv,0
Test3593.csv,0
Test3594.csv,0
Test3595.csv,0
Test3596.csv,0
Test3597.csv,0
Test3598.csv,0
Test3599.csv,0
Test3600.csv,0
Test3601.csv,0
Test3602.csv,0
Test3603.csv,0
Test3604.csv,0
Test3605.csv,0
Test3606.csv,0
Test3607.csv,0
Test3608.csv,0
Test3609.csv,0
Test3610.csv,0
Test3611.csv,0
Test3612.csv,0
Test3613.csv,0
Test3614.csv,0
Test3615.csv,0
Test3616.csv,0
Test3617.csv,0
Test3618.csv,0
Test3619.csv,0
Test3620.csv,0
Test3621.csv,0
Test3622.csv,0
Test3623.csv,0
Test3624.csv,0
Test3625.csv,0
Test3626.csv,0
Test3627.csv,0
Test3628.csv,0
Test3629.csv,0
Test3630.csv,0
Test3631.csv,0
Test3632.csv,0
Test3633.csv,0
Test3634.csv,0
Test3635.csv,0
Test3636.csv,0
Test3637.csv,0
Test3638.csv,0
Test3639.csv,0
Test3640.csv,0
Test3641.csv,0
Test3642.csv,0
Test3643.csv,0
Test3644.csv,0
Test3645.csv,0
Test3646.csv,0
Test3647.csv,0
Test3648.csv,0
Test3649.csv,0
Test3650.csv,0
Test3651.csv,0
Test3652.csv,0
Test3653.csv,0
Test3654.csv,0
Test3655.csv,0
Test3656.csv,0
Test3657.csv,0
Test3658.csv,0
Test3659.csv,0
Test3660.csv,0
Test3661.csv,0
Test3662.csv,0
Test3663.csv,0
Test3664.csv,0
Test3665.csv,0
Test3666.csv,0
Test3667.csv,0
Test3668.csv,0
Test3669.csv,0
Test3670.csv,0
Test3671.csv,0
Test3672.csv,0
Test3673.csv,0
Test3674.csv,0
Test3675.csv,0
Test3676.csv,0
Test3677.csv,0
Test3678.csv,0
Test3679.csv,0
Test3680.csv,0
Test3681.csv,0
Test3682.csv,0
Test3683.csv,0
Test3684.csv,0
Test3685.csv,0
Test3686.csv,0
Test3687.csv,0
Test3688.csv,0
Test3689.csv,0
Test3690.csv,0
Test3691.csv,0
Test3692.csv,0
Test3693.csv,0
Test3694.csv,0
Test3695.csv,0
Test3696.csv,0
Test3697.csv,0
Test3698.csv,0
Test3699.csv,0
Test3700.csv,0
Test3701.csv,0
Test3702.csv,0
Test3703.csv,0
Test3704.csv,0
Test3705.csv,0
Test3706.csv,0
Test3707.csv,0
Test3708.csv,0
Test3709.csv,0
Test3710.csv,0
Test3711.csv,0
Test3712.csv,0
Test3713.csv,0
Test3714.csv,0
Test3715.csv,0
Test3716.csv,0
Test3717.csv,0
Test3718.csv,0
Test3719.csv,0
Test3720.csv,0
Test3721.csv,0
Test3722.csv,0
Test3723.csv,0
Test3724.csv,0
Test3725.csv,0
Test3726.csv,0
Test3727.csv,0
Test3728.csv,0
Test3729.csv,0
Test3730.csv,0
Test3731.csv,0
Test3732.csv,0
Test3733.csv,0
Test3734.csv,0
Test3735.csv,0
Test3736.csv,0
Test3737.csv,0
Test3738.csv,0
Test3739.csv,0
Test3740.csv,0
Test3741.csv,0
Test3742.csv,0
Test3743.csv,0
Test3744.csv,0
Test3745.csv,0
Test3746.csv,0
Test3747.csv,0
Test3748.csv,0
Test3749.csv,0
Test3750.csv,0
Test3751.csv,0
Test3752.csv,0
Test3753.csv,0
Test3754.csv,0
Test3755.csv,0
Test3756.csv,0
Test3757.csv,0
Test3758.csv,0
Test3759.csv,0
Test3760.csv,0
Test3761.csv,0
Test3762.csv,0
Test3763.csv,0
Test3764.csv,0
Test3765.csv,0
Test3766.csv,0
Test3767.csv,0
Test3768.csv,0
Test3769.csv,0
Test3770.csv,0
Test3771.csv,0
Test3772.csv,0
Test3773.csv,0
Test3774.csv,0
Test3775.csv,0
Test3776.csv,0
Test3777.csv,0
Test3778.csv,0
Test3779.csv,0
Test3780.csv,0
Test3781.csv,0
Test3782.csv,0
Test3783.csv,0
Test3784.csv,0
Test3785.csv,0
Test3786.csv,0
Test3787.csv,0
Test3788.csv,0
Test3789.csv,0
Test3790.csv,0
Test3791.csv,0
Test3792.csv,0
Test3793.csv,0
Test3794.csv,0
Test3795.csv,0
Test3796.csv,0
Test3797.csv,0
Test3798.csv,0
Test3799.csv,0
Test3800.csv,0
Test3801.csv,0
Test3802.csv,0
Test3803.csv,0
Test3804.csv,0
Test3805.csv,0
Test3806.csv,0
Test3807.csv,0
Test3808.csv,0
Test3809.csv,0
Test3810.csv,0
Test3811.csv,0
Test3812.csv,0
Test3813.csv,0
Test3814.csv,0
Test3815.csv,0
Test3816.csv,0
Test3817.csv,0
Test3818.csv,0
Test3819.csv,0
Test3820.csv,0
Test3821.csv,0
Test3822.csv,0
Test3823.csv,0
Test3824.csv,0
Test3825.csv,0
Test3826.csv,0
Test3827.csv,0
Test3828.csv,0
Test3829.csv,0
Test3830.csv,0
Test3831.csv,0
Test3832.csv,0
Test3833.csv,0
Test3834.csv,0
Test3835.csv,0
Test3836.csv,0
Test3837.csv,0
Test3838.csv,0
Test3839.csv,0
Test3840.csv,0
Test3841.csv,0
Test3842.csv,0
Test3843.csv,0
Test3844.csv,0
Test3845.csv,0
Test3846.csv,0
Test3847.csv,0
Test3848.csv,0
Test3849.csv,0
Test3850.csv,0
Test3851.csv,0
Test3852.csv,0
Test3853.csv,0
Test3854.csv,0
Test3855.csv,0
Test3856.csv,0
Test3857.csv,0
Test3858.csv,0
Test3859.csv,0
Test3860.csv,0
Test3861.csv,0
Test3862.csv,0
Test3863.csv,0
Test3864.csv,0
Test3865.csv,0
Test3866.csv,0
Test3867.csv,0
Test3868.csv,0
Test3869.csv,0
Test3870.csv,0
Test3871.csv,0
Test3872.csv,0
Test3873.csv,0
Test3874.csv,0
Test3875.csv,0
Test3876.csv,0
Test3877.csv,0
Test3878.csv,0
Test3879.csv,0
Test3880.csv,0
Test3881.csv,0
Test3882.csv,0
Test3883.csv,0
Test3884.csv,0
Test3885.csv,0
Test3886.csv,0
Test3887.csv,0
Test3888.csv,0
Test3889.csv,0
Test3890.csv,0
Test3891.csv,0
Test3892.csv,0
Test3893.csv,0
Test3894.csv,0
Test3895.csv,0
Test3896.csv,0
Test3897.csv,0
Test3898.csv,0
Test3899.csv,0
Test3900.csv,0
Test3901.csv,0
Test3902.csv,0
Test3903.csv,0
Test3904.csv,0
Test3905.csv,0
Test3906.csv,0
Test3907.csv,0
Test3908.csv,0
Test3909.csv,0
Test3910.csv,0
Test3911.csv,0
Test3912.csv,0
Test3913.csv,0
Test3914.csv,0
Test3915.csv,0
Test3916.csv,0
Test3917.csv,0
Test3918.csv,0
Test3919.csv,0
Test3920.csv,0
Test3921.csv,0
Test3922.csv,0
Test3923.csv,0
Test3924.csv,0
Test3925.csv,0
Test3926.csv,0
Test3927.csv,0
Test3928.csv,0
Test3929.csv,0
Test3930.csv,0
Test3931.csv,0
Test3932.csv,0
Test3933.csv,0
Test3934.csv,0
Test3935.csv,0
Test3936.csv,0
Test3937.csv,0
Test3938.csv,0
Test3939.csv,0
Test3940.csv,0
Test3941.csv,0
Test3942.csv,0
Test3943.csv,0
Test3944.csv,0
Test3945.csv,0
Test3946.csv,0
Test3947.csv,0
Test3948.csv,0
Test3949.csv,0
Test3950.csv,0
Test3951.csv,0
Test3952.csv,0
Test3953.csv,0
Test3954.csv,0
Test3955.csv,0
Test3956.csv,0
Test3957.csv,0
Test3958.csv,0
Test3959.csv,0
Test3960.csv,0
Test3961.csv,0
Test3962.csv,0
Test3963.csv,0
Test3964.csv,0
Test3965.csv,0
Test3966.csv,0
Test3967.csv,0
Test3968.csv,0
Test3969.csv,0
Test3970.csv,0
Test3971.csv,0
Test3972.csv,0
Test3973.csv,0
Test3974.csv,0
Test3975.csv,0
Test3976.csv,0
Test3977.csv,0
Test3978.csv,0
Test3979.csv,0
Test3980.csv,0
Test3981.csv,0
Test3982.csv,0
Test3983.csv,0
Test3984.csv,0
Test3985.csv,0
Test3986.csv,0
Test3987.csv,0
Test3988.csv,0
Test3989.csv,0
Test3990.csv,0
Test3991.csv,0
Test3992.csv,0
Test3993.csv,0
Test3994.csv,0
Test3995.csv,0
Test3996.csv,0
Test3997.csv,0
Test3998.csv,0
Test3999.csv,0
Test4000.csv,0
Test4001.csv,0
Test4002.csv,0
Test4003.csv,0
Test4004.csv,0
Test4005.csv,0
Test4006.csv,0
Test4007.csv,0
Test4008.csv,0
Test4009.csv,0
Test4010.csv,0
Test4011.csv,0
Test4012.csv,0
Test4013.csv,0
Test4014.csv,0
Test4015.csv,0
Test4016.csv,0
Test4017.csv,0
Test4018.csv,0
Test4019.csv,0
Test4020.csv,0
Test4021.csv,0
Test4022.csv,0
Test4023.csv,0
Test4024.csv,0
Test4025.csv,0
Test4026.csv,0
Test4027.csv,0
Test4028.csv,0
Test4029.csv,0
Test4030.csv,0
Test4031.csv,0
Test4032.csv,0
Test4033.csv,0
Test4034.csv,0
Test4035.csv,0
Test4036.csv,0
Test4037.csv,0
Test4038.csv,0
Test4039.csv,0
Test4040.csv,0
Test4041.csv,0
Test4042.csv,0
Test4043.csv,0
Test4044.csv,0
Test4045.csv,0
Test4046.csv,0
Test4047.csv,0
Test4048.csv,0
Test4049.csv,0
Test4050.csv,0
Test4051.csv,0
Test4052.csv,0
Test4053.csv,0
Test4054.csv,0
Test4055.csv,0
Test4056.csv,0
Test4057.csv,0
Test4058.csv,0
Test4059.csv,0
Test4060.csv,0
Test4061.csv,0
Test4062.csv,0
Test4063.csv,0
Test4064.csv,0
Test4065.csv,0
Test4066.csv,0
Test4067.csv,0
Test4068.csv,0
Test4069.csv,0
Test4070.csv,0
Test4071.csv,0
Test4072.csv,0
Test4073.csv,0
Test4074.csv,0
Test4075.csv,0
Test4076.csv,0
Test4077.csv,0
Test4078.csv,0
Test4079.csv,0
Test4080.csv,0
Test4081.csv,0
Test4082.csv,0
Test4083.csv,0
Test4084.csv,0
Test4085.csv,0
Test4086.csv,0
Test4087.csv,0
Test4088.csv,0
Test4089.csv,0
Test4090.csv,0
Test4091.csv,0
Test4092.csv,0
Test4093.csv,0
Test4094.csv,0
Test4095.csv,0
Test4096.csv,0
Test4097.csv,0
Test4098.csv,0
Test4099.csv,0
Test4100.csv,0
Test4101.csv,0
Test4102.csv,0
Test4103.csv,0
Test4104.csv,0
Test4105.csv,0
Test4106.csv,0
Test4107.csv,0
Test4108.csv,0
Test4109.csv,0
Test4110.csv,0
Test4111.csv,0
Test4112.csv,0
Test4113.csv,0
Test4114.csv,0
Test4115.csv,0
Test4116.csv,0
Test4117.csv,0
Test4118.csv,0
Test4119.csv,0
Test4120.csv,0
Test4121.csv,0
Test4122.csv,0
Test4123.csv,0
Test4124.csv,0
Test4125.csv,0
Test4126.csv,0
Test4127.csv,0
Test4128.csv,0
Test4129.csv,0
Test4130.csv,0
Test4131.csv,0
Test4132.csv,0
Test4133.csv,0
Test4134.csv,0
Test4135.csv,0
Test4136.csv,0
Test4137.csv,0
Test4138.csv,0
Test4139.csv,0
Test4140.csv,0
Test4141.csv,0
Test4142.csv,0
Test4143.csv,0
Test4144.csv,0
Test4145.csv,0
Test4146.csv,0
Test4147.csv,0
Test4148.csv,0
Test4149.csv,0
Test4150.csv,0
Test4151.csv,0
Test4152.csv,0
Test4153.csv,0
Test4154.csv,0
Test4155.csv,0
Test4156.csv,0
Test4157.csv,0
Test4158.csv,0
Test4159.csv,0
Test4160.csv,0
Test4161.csv,0
Test4162.csv,0
Test4163.csv,0
Test4164.csv,0
Test4165.csv,0
Test4166.csv,0
Test4167.csv,0
Test4168.csv,0
Test4169.csv,0
Test4170.csv,0
Test4171.csv,0
Test4172.csv,0
Test4173.csv,0
Test4174.csv,0
Test4175.csv,0
Test4176.csv,0
Test4177.csv,0
Test4178.csv,0
Test4179.csv,0
Test4180.csv,0
Test4181.csv,0
Test4182.csv,0
Test4183.csv,0
Test4184.csv,0
Test4185.csv,0
Test4186.csv,0
Test4187.csv,0
Test4188.csv,0
Test4189.csv,0
Test4190.csv,0
Test4191.csv,0
Test4192.csv,0
Test4193.csv,0
Test4194.csv,0
Test4195.csv,0
Test4196.csv,0
Test4197.csv,0
Test4198.csv,0
Test4199.csv,0
Test4200.csv,0
Test4201.csv,0
Test4202.csv,0
Test4203.csv,0
Test4204.csv,0
Test4205.csv,0
Test4206.csv,0
Test4207.csv,0
Test4208.csv,0
Test4209.csv,0
Test4210.csv,0
Test4211.csv,0
Test4212.csv,0
Test4213.csv,0
Test4214.csv,0
Test4215.csv,0
Test4216.csv,0
Test4217.csv,0
Test4218.csv,0
Test4219.csv,0
Test4220.csv,0
Test4221.csv,0
Test4222.csv,0
Test4223.csv,0
Test4224.csv,0
Test4225.csv,0
Test4226.csv,0
Test4227.csv,0
Test4228.csv,0
Test4229.csv,0
Test4230.csv,0
Test4231.csv,0
Test4232.csv,0
Test4233.csv,0
Test4234.csv,0
Test4235.csv,0
Test4236.csv,0
Test4237.csv,0
Test4238.csv,0
Test4239.csv,0
Test4240.csv,0
Test4241.csv,0
Test4242.csv,0
Test4243.csv,0
Test4244.csv,0
Test4245.csv,0
Test4246.csv,0
Test4247.csv,0
Test4248.csv,0
Test4249.csv,0
Test4250.csv,0
Test4251.csv,0
Test4252.csv,0
Test4253.csv,0
Test4254.csv,0
Test4255.csv,0
Test4256.csv,0
Test4257.csv,0
Test4258.csv,0
Test4259.csv,0
Test4260.csv,0
Test4261.csv,0
Test4262.csv,0
Test4263.csv,0
Test4264.csv,0
Test4265.csv,0
Test4266.csv,0
Test4267.csv,0
Test4268.csv,0
Test4269.csv,0
Test4270.csv,0
Test4271.csv,0
Test4272.csv,0
Test4273.csv,0
Test4274.csv,0
Test4275.csv,0
Test4276.csv,0
Test4277.csv,0
Test4278.csv,0
Test4279.csv,0
Test4280.csv,0
Test4281.csv,0
Test4282.csv,0
Test4283.csv,0
Test4284.csv,0
Test4285.csv,0
Test4286.csv,0
Test4287.csv,0
Test4288.csv,0
Test4289.csv,0
Test4290.csv,0
Test4291.csv,0
Test4292.csv,0
Test4293.csv,0
Test4294.csv,0
Test4295.csv,0
Test4296.csv,0
Test4297.csv,0
Test4298.csv,0
Test4299.csv,0
Test4300.csv,0
Test4301.csv,0
Test4302.csv,0
Test4303.csv,0
Test4304.csv,0
Test4305.csv,0
Test4306.csv,0
Test4307.csv,0
Test4308.csv,0
Test4309.csv,0
Test4310.csv,0
Test4311.csv,0
Test4312.csv,0
Test4313.csv,0
Test4314.csv,0
Test4315.csv,0
Test4316.csv,0
Test4317.csv,0
Test4318.csv,0
Test4319.csv,0
Test4320.csv,0
Test4321.csv,0
Test4322.csv,0
Test4323.csv,0
Test4324.csv,0
Test4325.csv,0
Test4326.csv,0
Test4327.csv,0
Test4328.csv,0
Test4329.csv,0
Test4330.csv,0
Test4331.csv,0
Test4332.csv,0
Test4333.csv,0
Test4334.csv,0
Test4335.csv,0
Test4336.csv,0
Test4337.csv,0
Test4338.csv,0
Test4339.csv,0
Test4340.csv,0
Test4341.csv,0
Test4342.csv,0
Test4343.csv,0
Test4344.csv,0
Test4345.csv,0
Test4346.csv,0
Test4347.csv,0
Test4348.csv,0
Test4349.csv,0
Test4350.csv,0
Test4351.csv,0
Test4352.csv,0
Test4353.csv,0
Test4354.csv,0
Test4355.csv,0
Test4356.csv,0
Test4357.csv,0
Test4358.csv,0
Test4359.csv,0
Test4360.csv,0
Test4361.csv,0
Test4362.csv,0
Test4363.csv,0
Test4364.csv,0
Test4365.csv,0
Test4366.csv,0
Test4367.csv,0
Test4368.csv,0
Test4369.csv,0
Test4370.csv,0
Test4371.csv,0
Test4372.csv,0
Test4373.csv,0
Test4374.csv,0
Test4375.csv,0
Test4376.csv,0
Test4377.csv,0
Test4378.csv,0
Test4379.csv,0
Test4380.csv,0
Test4381.csv,0
Test4382.csv,0
Test4383.csv,0
Test4384.csv,0
Test4385.csv,0
Test4386.csv,0
Test4387.csv,0
Test4388.csv,0
Test4389.csv,0
Test4390.csv,0
Test4391.csv,0
Test4392.csv,0
Test4393.csv,0
Test4394.csv,0
Test4395.csv,0
Test4396.csv,0
Test4397.csv,0
Test4398.csv,0
Test4399.csv,0
Test4400.csv,0
Test4401.csv,0
Test4402.csv,0
Test4403.csv,0
Test4404.csv,0
Test4405.csv,0
Test4406.csv,0
Test4407.csv,0
Test4408.csv,0
Test4409.csv,0
Test4410.csv,0
Test4411.csv,0
Test4412.csv,0
Test4413.csv,0
Test4414.csv,0
Test4415.csv,0
Test4416.csv,0
Test4417.csv,0
Test4418.csv,0
Test4419.csv,0
Test4420.csv,0
Test4421.csv,0
Test4422.csv,0
Test4423.csv,0
Test4424.csv,0
Test4425.csv,0
Test4426.csv,0
Test4427.csv,0
Test4428.csv,0
Test4429.csv,0
Test4430.csv,0
Test4431.csv,0
Test4432.csv,0
Test4433.csv,0
Test4434.csv,0
Test4435.csv,0
Test4436.csv,0
Test4437.csv,0
Test4438.csv,0
Test4439.csv,0
Test4440.csv,0
Test4441.csv,0
Test4442.csv,0
Test4443.csv,0
Test4444.csv,0
Test4445.csv,0
Test4446.csv,0
Test4447.csv,0
Test4448.csv,0
Test4449.csv,0
Test4450.csv,0
Test4451.csv,0
Test4452.csv,0
Test4453.csv,0
Test4454.csv,0
Test4455.csv,0
Test4456.csv,0
Test4457.csv,0
Test4458.csv,0
Test4459.csv,0
Test4460.csv,0
Test4461.csv,0
Test4462.csv,0
Test4463.csv,0
Test4464.csv,0
Test4465.csv,0
Test4466.csv,0
Test4467.csv,0
Test4468.csv,0
Test4469.csv,0
Test4470.csv,0
Test4471.csv,0
Test4472.csv,0
Test4473.csv,0
Test4474.csv,0
Test4475.csv,0
Test4476.csv,0
Test4477.csv,0
Test4478.csv,0
Test4479.csv,0
Test4480.csv,0
Test4481.csv,0
Test4482.csv,0
Test4483.csv,0
Test4484.csv,0
Test4485.csv,0
Test4486.csv,0
Test4487.csv,0
Test4488.csv,0
Test4489.csv,0
Test4490.csv,0
Test4491.csv,0
Test4492.csv,0
Test4493.csv,0
Test4494.csv,0
Test4495.csv,0
Test4496.csv,0
Test4497.csv,0
Test4498.csv,0
Test4499.csv,0
Test4500.csv,0
Test4501.csv,0
Test4502.csv,0
Test4503.csv,0
Test4504.csv,0
Test4505.csv,0
Test4506.csv,0
Test4507.csv,0
Test4508.csv,0
Test4509.csv,0
Test4510.csv,0
Test4511.csv,0
Test4512.csv,0
Test4513.csv,0
Test4514.csv,0
Test4515.csv,0
Test4516.csv,0
Test4517.csv,0
Test4518.csv,0
Test4519.csv,0
Test4520.csv,0
Test4521.csv,0
Test4522.csv,0
Test4523.csv,0
Test4524.csv,0
Test4525.csv,0
Test4526.csv,0
Test4527.csv,0
Test4528.csv,0
Test4529.csv,0
Test4530.csv,0
Test4531.csv,0
Test4532.csv,0
Test4533.csv,0
Test4534.csv,0
Test4535.csv,0
Test4536.csv,0
Test4537.csv,0
Test4538.csv,0
Test4539.csv,0
Test4540.csv,0
Test4541.csv,0
Test4542.csv,0
Test4543.csv,0
Test4544.csv,0
Test4545.csv,0
Test4546.csv,0
Test4547.csv,0
Test4548.csv,0
Test4549.csv,0
Test4550.csv,0
Test4551.csv,0
Test4552.csv,0
Test4553.csv,0
Test4554.csv,0
Test4555.csv,0
Test4556.csv,0
Test4557.csv,0
Test4558.csv,0
Test4559.csv,0
Test4560.csv,0
Test4561.csv,0
Test4562.csv,0
Test4563.csv,0
Test4564.csv,0
Test4565.csv,0
Test4566.csv,0
Test4567.csv,0
Test4568.csv,0
Test4569.csv,0
Test4570.csv,0
Test4571.csv,0
Test4572.csv,0
Test4573.csv,0
Test4574.csv,0
Test4575.csv,0
Test4576.csv,0
Test4577.csv,0
Test4578.csv,0
Test4579.csv,0
Test4580.csv,0
Test4581.csv,0
Test4582.csv,0
Test4583.csv,0
Test4584.csv,0
Test4585.csv,0
Test4586.csv,0
Test4587.csv,0
Test4588.csv,0
Test4589.csv,0
Test4590.csv,0
Test4591.csv,0
Test4592.csv,0
Test4593.csv,0
Test4594.csv,0
Test4595.csv,0
Test4596.csv,0
Test4597.csv,0
Test4598.csv,0
Test4599.csv,0
Test4600.csv,0
Test4601.csv,0
Test4602.csv,0
Test4603.csv,0
Test4604.csv,0
Test4605.csv,0
Test4606.csv,0
Test4607.csv,0
Test4608.csv,0
Test4609.csv,0
Test4610.csv,0
Test4611.csv,0
Test4612.csv,0
Test4613.csv,0
Test4614.csv,0
Test4615.csv,0
Test4616.csv,0
Test4617.csv,0
Test4618.csv,0
Test4619.csv,0
Test4620.csv,0
Test4621.csv,0
Test4622.csv,0
Test4623.csv,0
Test4624.csv,0
Test4625.csv,0
Test4626.csv,0
Test4627.csv,0
Test4628.csv,0
Test4629.csv,0
Test4630.csv,0
Test4631.csv,0
Test4632.csv,0
Test4633.csv,0
Test4634.csv,0
Test4635.csv,0
Test4636.csv,0
Test4637.csv,0
Test4638.csv,0
Test4639.csv,0
Test4640.csv,0
Test4641.csv,0
Test4642.csv,0
Test4643.csv,0
Test4644.csv,0
Test4645.csv,0
Test4646.csv,0
Test4647.csv,0
Test4648.csv,0
Test4649.csv,0
Test4650.csv,0
Test4651.csv,0
Test4652.csv,0
Test4653.csv,0
Test4654.csv,0
Test4655.csv,0
Test4656.csv,0
Test4657.csv,0
Test4658.csv,0
Test4659.csv,0
Test4660.csv,0
Test4661.csv,0
Test4662.csv,0
Test4663.csv,0
Test4664.csv,0
Test4665.csv,0
Test4666.csv,0
Test4667.csv,0
Test4668.csv,0
Test4669.csv,0
Test4670.csv,0
Test4671.csv,0
Test4672.csv,0
Test4673.csv,0
Test4674.csv,0
Test4675.csv,0
Test4676.csv,0
Test4677.csv,0
Test4678.csv,0
Test4679.csv,0
Test4680.csv,0
Test4681.csv,0
Test4682.csv,0
Test4683.csv,0
Test4684.csv,0
Test4685.csv,0
Test4686.csv,0
Test4687.csv,0
Test4688.csv,0
Test4689.csv,0
Test4690.csv,0
Test4691.csv,0
Test4692.csv,0
Test4693.csv,0
Test4694.csv,0
Test4695.csv,0
Test4696.csv,0
Test4697.csv,0
Test4698.csv,0
Test4699.csv,0
Test4700.csv,0
Test4701.csv,0
Test4702.csv,0
Test4703.csv,0
Test4704.csv,0
Test4705.csv,0
Test4706.csv,0
Test4707.csv,0
Test4708.csv,0
Test4709.csv,0
Test4710.csv,0
Test4711.csv,0
Test4712.csv,0
Test4713.csv,0
Test4714.csv,0
Test4715.csv,0
Test4716.csv,0
Test4717.csv,0
Test4718.csv,0
Test4719.csv,0
Test4720.csv,0
Test4721.csv,0
Test4722.csv,0
Test4723.csv,0
Test4724.csv,0
Test4725.csv,0
Test4726.csv,0
Test4727.csv,0
Test4728.csv,0
Test4729.csv,0
Test4730.csv,0
Test4731.csv,0
Test4732.csv,0
Test4733.csv,0
Test4734.csv,0
Test4735.csv,0
Test4736.csv,0
Test4737.csv,0
Test4738.csv,0
Test4739.csv,0
Test4740.csv,0
Test4741.csv,0
Test4742.csv,0
Test4743.csv,0
Test4744.csv,0
Test4745.csv,0
Test4746.csv,0
Test4747.csv,0
Test4748.csv,0
Test4749.csv,0
Test4750.csv,0
Test4751.csv,0
Test4752.csv,0
Test4753.csv,0
Test4754.csv,0
Test4755.csv,0
Test4756.csv,0
Test4757.csv,0
Test4758.csv,0
Test4759.csv,0
Test4760.csv,0
Test4761.csv,0
Test4762.csv,0
Test4763.csv,0
Test4764.csv,0
Test4765.csv,0
Test4766.csv,0
Test4767.csv,0
Test4768.csv,0
Test4769.csv,0
Test4770.csv,0
Test4771.csv,0
Test4772.csv,0
Test4773.csv,0
Test4774.csv,0
Test4775.csv,0
Test4776.csv,0
Test4777.csv,0
Test4778.csv,0
Test4779.csv,0
Test4780.csv,0
Test4781.csv,0
Test4782.csv,0
Test4783.csv,0
Test4784.csv,0
Test4785.csv,0
Test4786.csv,0
Test4787.csv,0
Test4788.csv,0
Test4789.csv,0
Test4790.csv,0
Test4791.csv,0
Test4792.csv,0
Test4793.csv,0
Test4794.csv,0
Test4795.csv,0
Test4796.csv,0
Test4797.csv,0
Test4798.csv,0
Test4799.csv,0
Test4800.csv,0
Test4801.csv,0
Test4802.csv,0
Test4803.csv,0
Test4804.csv,0
Test4805.csv,0
Test4806.csv,0
Test4807.csv,0
Test4808.csv,0
Test4809.csv,0
Test4810.csv,0
Test4811.csv,0
Test4812.csv,0
Test4813.csv,0
Test4814.csv,0
Test4815.csv,0
Test4816.csv,0
Test4817.csv,0
Test4818.csv,0
Test4819.csv,0
Test4820.csv,0
Test4821.csv,0
Test4822.csv,0
Test4823.csv,0
Test4824.csv,0
Test4825.csv,0
Test4826.csv,0
Test4827.csv,0
Test4828.csv,0
Test4829.csv,0
Test4830.csv,0
Test4831.csv,0
Test4832.csv,0
Test4833.csv,0
Test4834.csv,0
Test4835.csv,0
Test4836.csv,0
Test4837.csv,0
Test4838.csv,0
Test4839.csv,0
Test4840.csv,0
Test4841.csv,0
Test4842.csv,0
Test4843.csv,0
Test4844.csv,0
Test4845.csv,0
Test4846.csv,0
Test4847.csv,0
Test4848.csv,0
Test4849.csv,0
Test4850.csv,0
Test4851.csv,0
Test4852.csv,0
Test4853.csv,0
Test4854.csv,0
Test4855.csv,0
Test4856.csv,0
Test4857.csv,0
Test4858.csv,0
Test4859.csv,0
Test4860.csv,0
Test4861.csv,0
Test4862.csv,0
Test4863.csv,0
Test4864.csv,0
Test4865.csv,0
Test4866.csv,0
Test4867.csv,0
Test4868.csv,0
Test4869.csv,0
Test4870.csv,0
Test4871.csv,0
Test4872.csv,0
Test4873.csv,0
Test4874.csv,0
Test4875.csv,0
Test4876.csv,0
Test4877.csv,0
Test4878.csv,0
Test4879.csv,0
Test4880.csv,0
Test4881.csv,0
Test4882.csv,0
Test4883.csv,0
Test4884.csv,0
Test4885.csv,0
Test4886.csv,0
Test4887.csv,0
Test4888.csv,0
Test4889.csv,0
Test4890.csv,0
Test4891.csv,0
Test4892.csv,0
Test4893.csv,0
Test4894.csv,0
Test4895.csv,0
Test4896.csv,0
Test4897.csv,0
Test4898.csv,0
Test4899.csv,0
Test4900.csv,0
Test4901.csv,0
Test4902.csv,0
Test4903.csv,0
Test4904.csv,0
Test4905.csv,0
Test4906.csv,0
Test4907.csv,0
Test4908.csv,0
Test4909.csv,0
Test4910.csv,0
Test4911.csv,0
Test4912.csv,0
Test4913.csv,0
Test4914.csv,0
Test4915.csv,0
Test4916.csv,0
Test4917.csv,0
Test4918.csv,0
Test4919.csv,0
Test4920.csv,0
Test4921.csv,0
Test4922.csv,0
Test4923.csv,0
Test4924.csv,0
Test4925.csv,0
Test4926.csv,0
Test4927.csv,0
Test4928.csv,0
Test4929.csv,0
Test4930.csv,0
Test4931.csv,0
Test4932.csv,0
Test4933.csv,0
Test4934.csv,0
Test4935.csv,0
Test4936.csv,0
Test4937.csv,0
Test4938.csv,0
Test4939.csv,0
Test4940.csv,0
Test4941.csv,0
Test4942.csv,0
Test4943.csv,0
Test4944.csv,0
Test4945.csv,0
Test4946.csv,0
Test4947.csv,0
Test4948.csv,0
Test4949.csv,0
Test4950.csv,0
Test4951.csv,0
Test4952.csv,0
Test4953.csv,0
Test4954.csv,0
Test4955.csv,0
Test4956.csv,0
Test4957.csv,0
Test4958.csv,0
Test4959.csv,0
Test4960.csv,0
Test4961.csv,0
Test4962.csv,0
Test4963.csv,0
Test4964.csv,0
Test4965.csv,0
Test4966.csv,0
Test4967.csv,0
Test4968.csv,0
Test4969.csv,0
Test4970.csv,0
Test4971.csv,0
Test4972.csv,0
Test4973.csv,0
Test4974.csv,0
Test4975.csv,0
Test4976.csv,0
Test4977.csv,0
Test4978.csv,0
Test4979.csv,0
Test4980.csv,0
Test4981.csv,0
